date,currency_code,price_in_PLN_raw,ingest_date,rate_type,update_frequency,day,month,year
2026-09-07,GBP,5.0201,2026-10-06,A,DAILY,7,9,2026
2026-09-07,SEK,0.3862,2026-10-06,A,DAILY,7,9,2026
2026-09-08,USD,3.7167,2026-10-06,A,DAILY,8,9,2026
2026-09-09,HKD,0.4732,2026-10-06,A,DAILY,9,9,2026
2026-09-09,SGD,2.9349,2026-10-06,A,DAILY,9,9,2026
2026-09-09,KRW,0.0028,2026-10-06,A,DAILY,9,9,2026
2026-09-10,SGD,2.9335,2026-10-06,A,DAILY,10,9,2026
2026-09-10,XDR,5.0913,2026-10-06,A,DAILY,10,9,2026
2026-09-11,TRY,0.0766,2026-10-06,A,DAILY,11,9,2026
2026-09-11,BRL,0.7309,2026-10-06,A,DAILY,11,9,2026
2026-09-14,DKK,0.5804,2026-10-06,A,DAILY,14,9,2026
2026-09-15,CAD,2.7090,2026-10-06,A,DAILY,15,9,2026
2026-09-15,HUF,0.0118,2026-10-06,A,DAILY,15,9,2026
2026-09-17,CHF,4.6076,2026-10-06,A,DAILY,17,9,2026
2026-09-18,HKD,0.4844,2026-10-06,A,DAILY,18,9,2026
2026-09-21,UAH,0.0848,2026-10-06,A,DAILY,21,9,2026
2026-09-21,CZK,0.1789,2026-10-06,A,DAILY,21,9,2026
2026-09-21,NOK,0.4032,2026-10-06,A,DAILY,21,9,2026
2026-09-22,PHP,0.0605,2026-10-06,A,DAILY,22,9,2026
2026-09-23,USD,3.8175,2026-10-06,A,DAILY,23,9,2026
2026-09-23,CAD,2.7112,2026-10-06,A,DAILY,23,9,2026
2026-09-23,CLP,0.0040,2026-10-06,A,DAILY,23,9,2026
2026-09-23,IDR,0.0002,2026-10-06,A,DAILY,23,9,2026
2026-09-24,AUD,2.7118,2026-10-06,A,DAILY,24,9,2026
2026-09-25,ZAR,0.2354,2026-10-06,A,DAILY,25,9,2026
2026-09-28,HUF,0.0119,2026-10-06,A,DAILY,28,9,2026
2026-09-28,MYR,0.9419,2026-10-06,A,DAILY,28,9,2026
2026-09-28,CNY,0.5732,2026-10-06,A,DAILY,28,9,2026
2026-09-29,MXN,0.2147,2026-10-06,A,DAILY,29,9,2026
2026-10-01,CAD,2.7213,2026-10-06,A,DAILY,1,10,2026
2026-10-01,GBP,5.1214,2026-10-06,A,DAILY,1,10,2026
2026-10-01,DKK,0.5855,2026-10-06,A,DAILY,1,10,2026
2026-10-01,PHP,0.0616,2026-10-06,A,DAILY,1,10,2026
2026-10-02,USD,3.8881,2026-10-06,A,DAILY,2,10,2026
2026-10-02,CZK,0.1789,2026-10-06,A,DAILY,2,10,2026
2026-10-02,DKK,0.5852,2026-10-06,A,DAILY,2,10,2026
2026-10-02,NOK,0.4035,2026-10-06,A,DAILY,2,10,2026
2026-10-06,TRY,0.0791,2026-10-06,A,DAILY,6,10,2026
2026-10-06,XDR,5.2764,2026-10-06,A,DAILY,6,10,2026
2026-09-07,NOK,0.3997,2026-10-06,A,DAILY,7,9,2026
2026-09-07,RON,0.8207,2026-10-06,A,DAILY,7,9,2026
2026-09-08,CAD,2.6930,2026-10-06,A,DAILY,8,9,2026
2026-09-08,RON,0.8217,2026-10-06,A,DAILY,8,9,2026
2026-09-09,RON,0.8219,2026-10-06,A,DAILY,9,9,2026
2026-09-09,ZAR,0.2315,2026-10-06,A,DAILY,9,9,2026
2026-09-10,HUF,0.0119,2026-10-06,A,DAILY,10,9,2026
2026-09-10,GBP,5.0300,2026-10-06,A,DAILY,10,9,2026
2026-09-10,NOK,0.4024,2026-10-06,A,DAILY,10,9,2026
2026-09-10,MXN,0.2194,2026-10-06,A,DAILY,10,9,2026
2026-09-10,BRL,0.7263,2026-10-06,A,DAILY,10,9,2026
2026-09-10,INR,0.0389,2026-10-06,A,DAILY,10,9,2026
2026-09-11,ISK,0.0309,2026-10-06,A,DAILY,11,9,2026
2026-09-11,RON,0.8225,2026-10-06,A,DAILY,11,9,2026
2026-09-11,KRW,0.0028,2026-10-06,A,DAILY,11,9,2026
2026-09-14,MXN,0.2204,2026-10-06,A,DAILY,14,9,2026
2026-09-15,CLP,0.0039,2026-10-06,A,DAILY,15,9,2026
2026-09-16,ZAR,0.2312,2026-10-06,A,DAILY,16,9,2026
2026-09-16,MYR,0.9209,2026-10-06,A,DAILY,16,9,2026
2026-09-17,DKK,0.5837,2026-10-06,A,DAILY,17,9,2026
2026-09-18,CAD,2.7143,2026-10-06,A,DAILY,18,9,2026
2026-09-18,CLP,0.0040,2026-10-06,A,DAILY,18,9,2026
2026-09-18,MYR,0.9311,2026-10-06,A,DAILY,18,9,2026
2026-09-18,KRW,0.0027,2026-10-06,A,DAILY,18,9,2026
2026-09-21,ISK,0.0313,2026-10-06,A,DAILY,21,9,2026
2026-09-21,RON,0.8271,2026-10-06,A,DAILY,21,9,2026
2026-09-22,RON,0.8255,2026-10-06,A,DAILY,22,9,2026
2026-09-22,ILS,1.2576,2026-10-06,A,DAILY,22,9,2026
2026-09-22,KRW,0.0028,2026-10-06,A,DAILY,22,9,2026
2026-09-22,XDR,5.1643,2026-10-06,A,DAILY,22,9,2026
2026-09-23,AUD,2.7058,2026-10-06,A,DAILY,23,9,2026
2026-09-23,DKK,0.5831,2026-10-06,A,DAILY,23,9,2026
2026-09-23,ZAR,0.2349,2026-10-06,A,DAILY,23,9,2026
2026-09-23,MYR,0.9361,2026-10-06,A,DAILY,23,9,2026
2026-09-28,THB,0.1145,2026-10-06,A,DAILY,28,9,2026
2026-09-28,UAH,0.0858,2026-10-06,A,DAILY,28,9,2026
2026-09-29,JPY,0.0245,2026-10-06,A,DAILY,29,9,2026
2026-09-29,RON,0.8281,2026-10-06,A,DAILY,29,9,2026
2026-09-29,INR,0.0402,2026-10-06,A,DAILY,29,9,2026
2026-09-30,SGD,3.0124,2026-10-06,A,DAILY,30,9,2026
2026-10-01,THB,0.1150,2026-10-06,A,DAILY,1,10,2026
2026-10-02,JPY,0.0247,2026-10-06,A,DAILY,2,10,2026
2026-10-02,RON,0.8206,2026-10-06,A,DAILY,2,10,2026
2026-10-02,IDR,0.0002,2026-10-06,A,DAILY,2,10,2026
2026-10-02,CNY,0.5743,2026-10-06,A,DAILY,2,10,2026
2026-10-05,CZK,0.1794,2026-10-06,A,DAILY,5,10,2026
2026-10-05,RON,0.8226,2026-10-06,A,DAILY,5,10,2026
2026-10-06,AUD,2.7109,2026-10-06,A,DAILY,6,10,2026
2026-10-06,NOK,0.4056,2026-10-06,A,DAILY,6,10,2026
2026-09-07,SGD,2.9298,2026-10-06,A,DAILY,7,9,2026
2026-09-07,CNY,0.5526,2026-10-06,A,DAILY,7,9,2026
2026-09-08,SEK,0.3865,2026-10-06,A,DAILY,8,9,2026
2026-09-08,INR,0.0392,2026-10-06,A,DAILY,8,9,2026
2026-09-09,THB,0.1129,2026-10-06,A,DAILY,9,9,2026
2026-09-09,EUR,4.3171,2026-10-06,A,DAILY,9,9,2026
2026-09-09,CHF,4.5839,2026-10-06,A,DAILY,9,9,2026
2026-09-09,XDR,5.1024,2026-10-06,A,DAILY,9,9,2026
2026-09-10,TRY,0.0763,2026-10-06,A,DAILY,10,9,2026
2026-09-14,EUR,4.3391,2026-10-06,A,DAILY,14,9,2026
2026-09-14,CLP,0.0040,2026-10-06,A,DAILY,14,9,2026
2026-09-14,ZAR,0.2315,2026-10-06,A,DAILY,14,9,2026
2026-09-14,BRL,0.7334,2026-10-06,A,DAILY,14,9,2026
2026-09-15,ISK,0.0310,2026-10-06,A,DAILY,15,9,2026
2026-09-15,NOK,0.4030,2026-10-06,A,DAILY,15,9,2026
2026-09-15,ZAR,0.2306,2026-10-06,A,DAILY,15,9,2026
2026-09-16,EUR,4.3435,2026-10-06,A,DAILY,16,9,2026
2026-09-16,UAH,0.0844,2026-10-06,A,DAILY,16,9,2026
2026-09-16,RON,0.8251,2026-10-06,A,DAILY,16,9,2026
2026-09-16,CLP,0.0039,2026-10-06,A,DAILY,16,9,2026
2026-09-16,PHP,0.0600,2026-10-06,A,DAILY,16,9,2026
2026-09-16,XDR,5.1530,2026-10-06,A,DAILY,16,9,2026
2026-09-17,RON,0.8295,2026-10-06,A,DAILY,17,9,2026
2026-09-17,ILS,1.2527,2026-10-06,A,DAILY,17,9,2026
2026-09-17,INR,0.0396,2026-10-06,A,DAILY,17,9,2026
2026-09-18,EUR,4.3633,2026-10-06,A,DAILY,18,9,2026
2026-09-21,EUR,4.3545,2026-10-06,A,DAILY,21,9,2026
2026-09-21,GBP,5.0761,2026-10-06,A,DAILY,21,9,2026
2026-09-22,THB,0.1142,2026-10-06,A,DAILY,22,9,2026
2026-09-22,NZD,2.1775,2026-10-06,A,DAILY,22,9,2026
2026-09-22,SEK,0.3860,2026-10-06,A,DAILY,22,9,2026
2026-09-22,BRL,0.7423,2026-10-06,A,DAILY,22,9,2026
2026-09-23,GBP,5.0778,2026-10-06,A,DAILY,23,9,2026
2026-09-23,SEK,0.3876,2026-10-06,A,DAILY,23,9,2026
2026-09-23,PHP,0.0610,2026-10-06,A,DAILY,23,9,2026
2026-09-24,TRY,0.0788,2026-10-06,A,DAILY,24,9,2026
2026-09-24,KRW,0.0028,2026-10-06,A,DAILY,24,9,2026
2026-09-25,ISK,0.0319,2026-10-06,A,DAILY,25,9,2026
2026-09-25,NOK,0.4033,2026-10-06,A,DAILY,25,9,2026
2026-09-25,CLP,0.0040,2026-10-06,A,DAILY,25,9,2026
2026-09-25,PHP,0.0615,2026-10-06,A,DAILY,25,9,2026
2026-09-25,KRW,0.0028,2026-10-06,A,DAILY,25,9,2026
2026-09-28,AUD,2.6994,2026-10-06,A,DAILY,28,9,2026
2026-09-28,ISK,0.0319,2026-10-06,A,DAILY,28,9,2026
2026-09-29,ZAR,0.2348,2026-10-06,A,DAILY,29,9,2026
2026-09-30,KRW,0.0028,2026-10-06,A,DAILY,30,9,2026
2026-10-01,MXN,0.2125,2026-10-06,A,DAILY,1,10,2026
2026-10-01,CNY,0.5746,2026-10-06,A,DAILY,1,10,2026
2026-10-02,NZD,2.1838,2026-10-06,A,DAILY,2,10,2026
2026-10-02,SGD,3.0405,2026-10-06,A,DAILY,2,10,2026
2026-10-02,SEK,0.3876,2026-10-06,A,DAILY,2,10,2026
2026-10-05,CNY,0.5758,2026-10-06,A,DAILY,5,10,2026
2026-10-06,THB,0.1156,2026-10-06,A,DAILY,6,10,2026
2026-10-06,EUR,4.3699,2026-10-06,A,DAILY,6,10,2026
2026-10-06,PHP,0.0620,2026-10-06,A,DAILY,6,10,2026
2026-10-06,ZAR,0.2347,2026-10-06,A,DAILY,6,10,2026
2026-09-07,EUR,4.3100,2026-10-06,A,DAILY,7,9,2026
2026-09-07,JPY,0.0240,2026-10-06,A,DAILY,7,9,2026
2026-09-08,BRL,0.7251,2026-10-06,A,DAILY,8,9,2026
2026-09-08,IDR,0.0002,2026-10-06,A,DAILY,8,9,2026
2026-09-09,AUD,2.6808,2026-10-06,A,DAILY,9,9,2026
2026-09-09,CAD,2.6933,2026-10-06,A,DAILY,9,9,2026
2026-09-09,DKK,0.5776,2026-10-06,A,DAILY,9,9,2026
2026-09-09,BRL,0.7291,2026-10-06,A,DAILY,9,9,2026
2026-09-10,RON,0.8220,2026-10-06,A,DAILY,10,9,2026
2026-09-11,GBP,5.0332,2026-10-06,A,DAILY,11,9,2026
2026-09-11,ZAR,0.2306,2026-10-06,A,DAILY,11,9,2026
2026-09-14,USD,3.7607,2026-10-06,A,DAILY,14,9,2026
2026-09-14,CZK,0.1786,2026-10-06,A,DAILY,14,9,2026
2026-09-14,NOK,0.4034,2026-10-06,A,DAILY,14,9,2026
2026-09-14,TRY,0.0773,2026-10-06,A,DAILY,14,9,2026
2026-09-14,ILS,1.2302,2026-10-06,A,DAILY,14,9,2026
2026-09-14,KRW,0.0028,2026-10-06,A,DAILY,14,9,2026
2026-09-15,GBP,5.0756,2026-10-06,A,DAILY,15,9,2026
2026-09-16,BRL,0.7304,2026-10-06,A,DAILY,16,9,2026
2026-09-17,NOK,0.4035,2026-10-06,A,DAILY,17,9,2026
2026-09-18,THB,0.1141,2026-10-06,A,DAILY,18,9,2026
2026-09-18,AUD,2.7079,2026-10-06,A,DAILY,18,9,2026
2026-09-18,MXN,0.2216,2026-10-06,A,DAILY,18,9,2026
2026-09-18,INR,0.0396,2026-10-06,A,DAILY,18,9,2026
2026-09-18,XDR,5.1905,2026-10-06,A,DAILY,18,9,2026
2026-09-21,DKK,0.5825,2026-10-06,A,DAILY,21,9,2026
2026-09-21,INR,0.0396,2026-10-06,A,DAILY,21,9,2026
2026-09-22,NOK,0.4015,2026-10-06,A,DAILY,22,9,2026
2026-09-23,THB,0.1149,2026-10-06,A,DAILY,23,9,2026
2026-09-23,ISK,0.0315,2026-10-06,A,DAILY,23,9,2026
2026-09-23,INR,0.0399,2026-10-06,A,DAILY,23,9,2026
2026-09-23,CNY,0.5693,2026-10-06,A,DAILY,23,9,2026
2026-09-24,CZK,0.1799,2026-10-06,A,DAILY,24,9,2026
2026-09-25,AUD,2.6995,2026-10-06,A,DAILY,25,9,2026
2026-09-25,SEK,0.3878,2026-10-06,A,DAILY,25,9,2026
2026-09-28,IDR,0.0002,2026-10-06,A,DAILY,28,9,2026
2026-09-29,EUR,4.3728,2026-10-06,A,DAILY,29,9,2026
2026-09-29,CZK,0.1791,2026-10-06,A,DAILY,29,9,2026
2026-09-29,ILS,1.2553,2026-10-06,A,DAILY,29,9,2026
2026-09-30,AUD,2.6818,2026-10-06,A,DAILY,30,9,2026
2026-09-30,HKD,0.4900,2026-10-06,A,DAILY,30,9,2026
2026-09-30,CZK,0.1788,2026-10-06,A,DAILY,30,9,2026
2026-09-30,MYR,0.9425,2026-10-06,A,DAILY,30,9,2026
2026-10-01,SGD,3.0269,2026-10-06,A,DAILY,1,10,2026
2026-10-02,UAH,0.0864,2026-10-06,A,DAILY,2,10,2026
2026-10-05,THB,0.1162,2026-10-06,A,DAILY,5,10,2026
2026-10-05,CAD,2.7465,2026-10-06,A,DAILY,5,10,2026
2026-10-05,GBP,5.1759,2026-10-06,A,DAILY,5,10,2026
2026-10-06,NZD,2.1777,2026-10-06,A,DAILY,6,10,2026
2026-10-06,MYR,0.9514,2026-10-06,A,DAILY,6,10,2026
2026-09-07,NZD,2.1816,2026-10-06,A,DAILY,7,9,2026
2026-09-08,SGD,2.9348,2026-10-06,A,DAILY,8,9,2026
2026-09-08,NOK,0.4016,2026-10-06,A,DAILY,8,9,2026
2026-09-08,ZAR,0.2314,2026-10-06,A,DAILY,8,9,2026
2026-09-09,NZD,2.1689,2026-10-06,A,DAILY,9,9,2026
2026-09-09,TRY,0.0765,2026-10-06,A,DAILY,9,9,2026
2026-09-10,CHF,4.5792,2026-10-06,A,DAILY,10,9,2026
2026-09-10,ISK,0.0309,2026-10-06,A,DAILY,10,9,2026
2026-09-10,KRW,0.0028,2026-10-06,A,DAILY,10,9,2026
2026-09-11,NZD,2.1704,2026-10-06,A,DAILY,11,9,2026
2026-09-14,CAD,2.7060,2026-10-06,A,DAILY,14,9,2026
2026-09-14,SGD,2.9595,2026-10-06,A,DAILY,14,9,2026
2026-09-14,PHP,0.0598,2026-10-06,A,DAILY,14,9,2026
2026-09-15,KRW,0.0028,2026-10-06,A,DAILY,15,9,2026
2026-09-16,SGD,2.9563,2026-10-06,A,DAILY,16,9,2026
2026-09-16,DKK,0.5810,2026-10-06,A,DAILY,16,9,2026
2026-09-16,ILS,1.2436,2026-10-06,A,DAILY,16,9,2026
2026-09-17,AUD,2.7051,2026-10-06,A,DAILY,17,9,2026
2026-09-17,HUF,0.0120,2026-10-06,A,DAILY,17,9,2026
2026-09-17,UAH,0.0851,2026-10-06,A,DAILY,17,9,2026
2026-09-18,JPY,0.0241,2026-10-06,A,DAILY,18,9,2026
2026-09-18,ZAR,0.2338,2026-10-06,A,DAILY,18,9,2026
2026-09-18,CNY,0.5673,2026-10-06,A,DAILY,18,9,2026
2026-09-21,THB,0.1140,2026-10-06,A,DAILY,21,9,2026
2026-09-21,IDR,0.0002,2026-10-06,A,DAILY,21,9,2026
2026-09-22,CHF,4.6218,2026-10-06,A,DAILY,22,9,2026
2026-09-23,JPY,0.0242,2026-10-06,A,DAILY,23,9,2026
2026-09-23,RON,0.8258,2026-10-06,A,DAILY,23,9,2026
2026-09-23,MXN,0.2197,2026-10-06,A,DAILY,23,9,2026
2026-09-24,HKD,0.4918,2026-10-06,A,DAILY,24,9,2026
2026-09-24,CNY,0.5744,2026-10-06,A,DAILY,24,9,2026
2026-09-25,CAD,2.7145,2026-10-06,A,DAILY,25,9,2026
2026-09-25,EUR,4.3750,2026-10-06,A,DAILY,25,9,2026
2026-09-25,UAH,0.0855,2026-10-06,A,DAILY,25,9,2026
2026-09-25,DKK,0.5853,2026-10-06,A,DAILY,25,9,2026
2026-09-28,NOK,0.4044,2026-10-06,A,DAILY,28,9,2026
2026-09-28,ILS,1.2543,2026-10-06,A,DAILY,28,9,2026
2026-09-28,PHP,0.0616,2026-10-06,A,DAILY,28,9,2026
2026-09-29,AUD,2.6941,2026-10-06,A,DAILY,29,9,2026
2026-09-29,CAD,2.7154,2026-10-06,A,DAILY,29,9,2026
2026-09-29,CLP,0.0040,2026-10-06,A,DAILY,29,9,2026
2026-09-30,CAD,2.7118,2026-10-06,A,DAILY,30,9,2026
2026-09-30,HUF,0.0119,2026-10-06,A,DAILY,30,9,2026
2026-09-30,UAH,0.0860,2026-10-06,A,DAILY,30,9,2026
2026-09-30,CNY,0.5733,2026-10-06,A,DAILY,30,9,2026
2026-09-30,XDR,5.2262,2026-10-06,A,DAILY,30,9,2026
2026-10-01,ISK,0.0319,2026-10-06,A,DAILY,1,10,2026
2026-10-01,BRL,0.7483,2026-10-06,A,DAILY,1,10,2026
2026-10-01,KRW,0.0028,2026-10-06,A,DAILY,1,10,2026
2026-10-05,AUD,2.7237,2026-10-06,A,DAILY,5,10,2026
2026-10-05,IDR,0.0002,2026-10-06,A,DAILY,5,10,2026
2026-09-07,DKK,0.5766,2026-10-06,A,DAILY,7,9,2026
2026-09-07,ILS,1.2330,2026-10-06,A,DAILY,7,9,2026
2026-09-08,HKD,0.4740,2026-10-06,A,DAILY,8,9,2026
2026-09-08,EUR,4.3155,2026-10-06,A,DAILY,8,9,2026
2026-09-08,ILS,1.2286,2026-10-06,A,DAILY,8,9,2026
2026-09-09,HUF,0.0119,2026-10-06,A,DAILY,9,9,2026
2026-09-09,CZK,0.1782,2026-10-06,A,DAILY,9,9,2026
2026-09-10,EUR,4.3180,2026-10-06,A,DAILY,10,9,2026
2026-09-11,USD,3.7267,2026-10-06,A,DAILY,11,9,2026
2026-09-11,UAH,0.0836,2026-10-06,A,DAILY,11,9,2026
2026-09-11,CLP,0.0040,2026-10-06,A,DAILY,11,9,2026
2026-09-11,MXN,0.2197,2026-10-06,A,DAILY,11,9,2026
2026-09-14,SEK,0.3849,2026-10-06,A,DAILY,14,9,2026
2026-09-14,INR,0.0394,2026-10-06,A,DAILY,14,9,2026
2026-09-15,SEK,0.3853,2026-10-06,A,DAILY,15,9,2026
2026-09-15,IDR,0.0002,2026-10-06,A,DAILY,15,9,2026
2026-09-15,INR,0.0393,2026-10-06,A,DAILY,15,9,2026
2026-09-15,XDR,5.1508,2026-10-06,A,DAILY,15,9,2026
2026-09-16,AUD,2.6837,2026-10-06,A,DAILY,16,9,2026
2026-09-16,ISK,0.0311,2026-10-06,A,DAILY,16,9,2026
2026-09-17,EUR,4.3632,2026-10-06,A,DAILY,17,9,2026
2026-09-17,PHP,0.0606,2026-10-06,A,DAILY,17,9,2026
2026-09-18,TRY,0.0778,2026-10-06,A,DAILY,18,9,2026
2026-09-21,CHF,4.6070,2026-10-06,A,DAILY,21,9,2026
2026-09-21,ILS,1.2501,2026-10-06,A,DAILY,21,9,2026
2026-09-22,JPY,0.0241,2026-10-06,A,DAILY,22,9,2026
2026-09-22,CNY,0.5661,2026-10-06,A,DAILY,22,9,2026
2026-09-23,NOK,0.4032,2026-10-06,A,DAILY,23,9,2026
2026-09-23,ILS,1.2664,2026-10-06,A,DAILY,23,9,2026
2026-09-24,HUF,0.0120,2026-10-06,A,DAILY,24,9,2026
2026-09-24,CHF,4.6593,2026-10-06,A,DAILY,24,9,2026
2026-09-24,SEK,0.3893,2026-10-06,A,DAILY,24,9,2026
2026-09-24,RON,0.8317,2026-10-06,A,DAILY,24,9,2026
2026-09-28,KRW,0.0028,2026-10-06,A,DAILY,28,9,2026
2026-09-29,HKD,0.4912,2026-10-06,A,DAILY,29,9,2026
2026-09-29,TRY,0.0786,2026-10-06,A,DAILY,29,9,2026
2026-09-29,CNY,0.5748,2026-10-06,A,DAILY,29,9,2026
2026-09-30,CHF,4.6182,2026-10-06,A,DAILY,30,9,2026
2026-09-30,TRY,0.0784,2026-10-06,A,DAILY,30,9,2026
2026-09-30,BRL,0.7390,2026-10-06,A,DAILY,30,9,2026
2026-10-01,USD,3.8762,2026-10-06,A,DAILY,1,10,2026
2026-10-01,ILS,1.2579,2026-10-06,A,DAILY,1,10,2026
2026-10-01,XDR,5.2414,2026-10-06,A,DAILY,1,10,2026
2026-10-02,GBP,5.1353,2026-10-06,A,DAILY,2,10,2026
2026-10-02,MXN,0.2133,2026-10-06,A,DAILY,2,10,2026
2026-10-02,KRW,0.0029,2026-10-06,A,DAILY,2,10,2026
2026-10-05,SGD,3.0562,2026-10-06,A,DAILY,5,10,2026
2026-10-05,SEK,0.3897,2026-10-06,A,DAILY,5,10,2026
2026-10-06,BRL,0.7775,2026-10-06,A,DAILY,6,10,2026
2026-09-07,UAH,0.0834,2026-10-06,A,DAILY,7,9,2026
2026-09-07,MYR,0.9166,2026-10-06,A,DAILY,7,9,2026
2026-09-08,GBP,5.0271,2026-10-06,A,DAILY,8,9,2026
2026-09-08,UAH,0.0837,2026-10-06,A,DAILY,8,9,2026
2026-09-08,CZK,0.1783,2026-10-06,A,DAILY,8,9,2026
2026-09-08,XDR,5.0941,2026-10-06,A,DAILY,8,9,2026
2026-09-09,ISK,0.0307,2026-10-06,A,DAILY,9,9,2026
2026-09-09,NOK,0.4026,2026-10-06,A,DAILY,9,9,2026
2026-09-09,MXN,0.2196,2026-10-06,A,DAILY,9,9,2026
2026-09-10,THB,0.1127,2026-10-06,A,DAILY,10,9,2026
2026-09-10,AUD,2.6759,2026-10-06,A,DAILY,10,9,2026
2026-09-10,JPY,0.0242,2026-10-06,A,DAILY,10,9,2026
2026-09-11,THB,0.1128,2026-10-06,A,DAILY,11,9,2026
2026-09-15,AUD,2.6844,2026-10-06,A,DAILY,15,9,2026
2026-09-15,HKD,0.4802,2026-10-06,A,DAILY,15,9,2026
2026-09-17,SGD,2.9805,2026-10-06,A,DAILY,17,9,2026
2026-09-17,GBP,5.0942,2026-10-06,A,DAILY,17,9,2026
2026-09-17,BRL,0.7389,2026-10-06,A,DAILY,17,9,2026
2026-09-18,USD,3.7998,2026-10-06,A,DAILY,18,9,2026
2026-09-18,HUF,0.0120,2026-10-06,A,DAILY,18,9,2026
2026-09-18,DKK,0.5837,2026-10-06,A,DAILY,18,9,2026
2026-09-22,USD,3.7934,2026-10-06,A,DAILY,22,9,2026
2026-09-22,CAD,2.7020,2026-10-06,A,DAILY,22,9,2026
2026-09-22,SGD,2.9735,2026-10-06,A,DAILY,22,9,2026
2026-09-22,EUR,4.3463,2026-10-06,A,DAILY,22,9,2026
2026-09-22,TRY,0.0776,2026-10-06,A,DAILY,22,9,2026
2026-09-23,EUR,4.3588,2026-10-06,A,DAILY,23,9,2026
2026-09-25,INR,0.0401,2026-10-06,A,DAILY,25,9,2026
2026-09-28,CZK,0.1794,2026-10-06,A,DAILY,28,9,2026
2026-09-28,TRY,0.0785,2026-10-06,A,DAILY,28,9,2026
2026-09-28,BRL,0.7418,2026-10-06,A,DAILY,28,9,2026
2026-09-28,INR,0.0401,2026-10-06,A,DAILY,28,9,2026
2026-09-29,NZD,2.1777,2026-10-06,A,DAILY,29,9,2026
2026-10-01,SEK,0.3859,2026-10-06,A,DAILY,1,10,2026
2026-10-02,EUR,4.3745,2026-10-06,A,DAILY,2,10,2026
2026-10-02,ZAR,0.2333,2026-10-06,A,DAILY,2,10,2026
2026-10-02,XDR,5.2501,2026-10-06,A,DAILY,2,10,2026
2026-10-05,HKD,0.4985,2026-10-06,A,DAILY,5,10,2026
2026-10-05,ZAR,0.2347,2026-10-06,A,DAILY,5,10,2026
2026-10-05,XDR,5.2903,2026-10-06,A,DAILY,5,10,2026
2026-10-06,CAD,2.7237,2026-10-06,A,DAILY,6,10,2026
2026-10-06,UAH,0.0863,2026-10-06,A,DAILY,6,10,2026
2026-10-06,ILS,1.2738,2026-10-06,A,DAILY,6,10,2026
2026-10-06,CLP,0.0040,2026-10-06,A,DAILY,6,10,2026
2026-09-07,CHF,4.5819,2026-10-06,A,DAILY,7,9,2026
2026-09-07,MXN,0.2193,2026-10-06,A,DAILY,7,9,2026
2026-09-07,KRW,0.0028,2026-10-06,A,DAILY,7,9,2026
2026-09-08,PHP,0.0593,2026-10-06,A,DAILY,8,9,2026
2026-09-08,MYR,0.9147,2026-10-06,A,DAILY,8,9,2026
2026-09-09,INR,0.0391,2026-10-06,A,DAILY,9,9,2026
2026-09-10,USD,3.7103,2026-10-06,A,DAILY,10,9,2026
2026-09-10,CAD,2.6879,2026-10-06,A,DAILY,10,9,2026
2026-09-10,SEK,0.3864,2026-10-06,A,DAILY,10,9,2026
2026-09-10,ZAR,0.2309,2026-10-06,A,DAILY,10,9,2026
2026-09-11,CHF,4.5768,2026-10-06,A,DAILY,11,9,2026
2026-09-11,ILS,1.2236,2026-10-06,A,DAILY,11,9,2026
2026-09-14,HUF,0.0119,2026-10-06,A,DAILY,14,9,2026
2026-09-15,JPY,0.0243,2026-10-06,A,DAILY,15,9,2026
2026-09-15,TRY,0.0774,2026-10-06,A,DAILY,15,9,2026
2026-09-16,CAD,2.7024,2026-10-06,A,DAILY,16,9,2026
2026-09-16,MXN,0.2196,2026-10-06,A,DAILY,16,9,2026
2026-09-21,KRW,0.0028,2026-10-06,A,DAILY,21,9,2026
2026-09-21,XDR,5.1845,2026-10-06,A,DAILY,21,9,2026
2026-09-22,ISK,0.0314,2026-10-06,A,DAILY,22,9,2026
2026-09-24,BRL,0.7464,2026-10-06,A,DAILY,24,9,2026
2026-09-25,HUF,0.0120,2026-10-06,A,DAILY,25,9,2026
2026-09-25,XDR,5.2294,2026-10-06,A,DAILY,25,9,2026
2026-09-28,SEK,0.3865,2026-10-06,A,DAILY,28,9,2026
2026-09-29,HUF,0.0119,2026-10-06,A,DAILY,29,9,2026
2026-09-29,UAH,0.0859,2026-10-06,A,DAILY,29,9,2026
2026-09-29,MYR,0.9445,2026-10-06,A,DAILY,29,9,2026
2026-09-30,JPY,0.0245,2026-10-06,A,DAILY,30,9,2026
2026-10-01,HKD,0.4940,2026-10-06,A,DAILY,1,10,2026
2026-10-01,IDR,0.0002,2026-10-06,A,DAILY,1,10,2026
2026-10-01,INR,0.0403,2026-10-06,A,DAILY,1,10,2026
2026-10-02,CHF,4.6942,2026-10-06,A,DAILY,2,10,2026
2026-10-05,TRY,0.0795,2026-10-06,A,DAILY,5,10,2026
2026-10-05,CLP,0.0039,2026-10-06,A,DAILY,5,10,2026
2026-10-06,KRW,0.0029,2026-10-06,A,DAILY,6,10,2026
2026-09-07,AUD,2.6773,2026-10-06,A,DAILY,7,9,2026
2026-09-07,CZK,0.1781,2026-10-06,A,DAILY,7,9,2026
2026-09-08,KRW,0.0028,2026-10-06,A,DAILY,8,9,2026
2026-09-09,MYR,0.9135,2026-10-06,A,DAILY,9,9,2026
2026-09-10,HKD,0.4732,2026-10-06,A,DAILY,10,9,2026
2026-09-10,UAH,0.0832,2026-10-06,A,DAILY,10,9,2026
2026-09-11,HUF,0.0119,2026-10-06,A,DAILY,11,9,2026
2026-09-11,CNY,0.5555,2026-10-06,A,DAILY,11,9,2026
2026-09-14,AUD,2.6811,2026-10-06,A,DAILY,14,9,2026
2026-09-14,ISK,0.0311,2026-10-06,A,DAILY,14,9,2026
2026-09-15,UAH,0.0843,2026-10-06,A,DAILY,15,9,2026
2026-09-15,MYR,0.9228,2026-10-06,A,DAILY,15,9,2026
2026-09-16,USD,3.7639,2026-10-06,A,DAILY,16,9,2026
2026-09-16,CHF,4.5968,2026-10-06,A,DAILY,16,9,2026
2026-09-16,JPY,0.0243,2026-10-06,A,DAILY,16,9,2026
2026-09-16,SEK,0.3849,2026-10-06,A,DAILY,16,9,2026
2026-09-17,HKD,0.4848,2026-10-06,A,DAILY,17,9,2026
2026-09-17,SEK,0.3871,2026-10-06,A,DAILY,17,9,2026
2026-09-18,NZD,2.1737,2026-10-06,A,DAILY,18,9,2026
2026-09-18,RON,0.8290,2026-10-06,A,DAILY,18,9,2026
2026-09-18,IDR,0.0002,2026-10-06,A,DAILY,18,9,2026
2026-09-21,CLP,0.0040,2026-10-06,A,DAILY,21,9,2026
2026-09-21,PHP,0.0604,2026-10-06,A,DAILY,21,9,2026
2026-09-21,BRL,0.7373,2026-10-06,A,DAILY,21,9,2026
2026-09-23,SGD,2.9887,2026-10-06,A,DAILY,23,9,2026
2026-09-23,UAH,0.0851,2026-10-06,A,DAILY,23,9,2026
2026-09-24,USD,3.8570,2026-10-06,A,DAILY,24,9,2026
2026-09-24,CAD,2.7349,2026-10-06,A,DAILY,24,9,2026
2026-09-24,EUR,4.3900,2026-10-06,A,DAILY,24,9,2026
2026-09-24,ZAR,0.2348,2026-10-06,A,DAILY,24,9,2026
2026-09-24,INR,0.0402,2026-10-06,A,DAILY,24,9,2026
2026-09-25,BRL,0.7397,2026-10-06,A,DAILY,25,9,2026
2026-09-28,CLP,0.0040,2026-10-06,A,DAILY,28,9,2026
2026-09-29,SGD,3.0137,2026-10-06,A,DAILY,29,9,2026
2026-09-29,GBP,5.1010,2026-10-06,A,DAILY,29,9,2026
2026-09-29,DKK,0.5850,2026-10-06,A,DAILY,29,9,2026
2026-09-29,SEK,0.3854,2026-10-06,A,DAILY,29,9,2026
2026-09-29,PHP,0.0616,2026-10-06,A,DAILY,29,9,2026
2026-09-29,BRL,0.7378,2026-10-06,A,DAILY,29,9,2026
2026-09-30,PHP,0.0614,2026-10-06,A,DAILY,30,9,2026
2026-09-30,MXN,0.2130,2026-10-06,A,DAILY,30,9,2026
2026-09-30,IDR,0.0002,2026-10-06,A,DAILY,30,9,2026
2026-10-01,CHF,4.6408,2026-10-06,A,DAILY,1,10,2026
2026-10-01,TRY,0.0789,2026-10-06,A,DAILY,1,10,2026
2026-10-01,MYR,0.9482,2026-10-06,A,DAILY,1,10,2026
2026-10-02,THB,0.1159,2026-10-06,A,DAILY,2,10,2026
2026-10-05,JPY,0.0248,2026-10-06,A,DAILY,5,10,2026
2026-10-06,CHF,4.6722,2026-10-06,A,DAILY,6,10,2026
2026-10-06,RON,0.8164,2026-10-06,A,DAILY,6,10,2026
2026-10-06,IDR,0.0002,2026-10-06,A,DAILY,6,10,2026
2026-09-07,THB,0.1128,2026-10-06,A,DAILY,7,9,2026
2026-09-07,USD,3.7085,2026-10-06,A,DAILY,7,9,2026
2026-09-07,PHP,0.0592,2026-10-06,A,DAILY,7,9,2026
2026-09-08,TRY,0.0766,2026-10-06,A,DAILY,8,9,2026
2026-09-09,GBP,5.0260,2026-10-06,A,DAILY,9,9,2026
2026-09-09,JPY,0.0242,2026-10-06,A,DAILY,9,9,2026
2026-09-10,CZK,0.1781,2026-10-06,A,DAILY,10,9,2026
2026-09-10,ILS,1.2296,2026-10-06,A,DAILY,10,9,2026
2026-09-10,CLP,0.0040,2026-10-06,A,DAILY,10,9,2026
2026-09-11,CAD,2.6916,2026-10-06,A,DAILY,11,9,2026
2026-09-11,SGD,2.9396,2026-10-06,A,DAILY,11,9,2026
2026-09-11,EUR,4.3228,2026-10-06,A,DAILY,11,9,2026
2026-09-11,DKK,0.5783,2026-10-06,A,DAILY,11,9,2026
2026-09-11,SEK,0.3848,2026-10-06,A,DAILY,11,9,2026
2026-09-11,IDR,0.0002,2026-10-06,A,DAILY,11,9,2026
2026-09-11,INR,0.0390,2026-10-06,A,DAILY,11,9,2026
2026-09-15,SGD,2.9597,2026-10-06,A,DAILY,15,9,2026
2026-09-15,ILS,1.2344,2026-10-06,A,DAILY,15,9,2026
2026-09-15,BRL,0.7319,2026-10-06,A,DAILY,15,9,2026
2026-09-16,CZK,0.1787,2026-10-06,A,DAILY,16,9,2026
2026-09-16,CNY,0.5611,2026-10-06,A,DAILY,16,9,2026
2026-09-17,MXN,0.2209,2026-10-06,A,DAILY,17,9,2026
2026-09-17,ZAR,0.2333,2026-10-06,A,DAILY,17,9,2026
2026-09-18,CZK,0.1793,2026-10-06,A,DAILY,18,9,2026
2026-09-21,CAD,2.7067,2026-10-06,A,DAILY,21,9,2026
2026-09-21,NZD,2.1725,2026-10-06,A,DAILY,21,9,2026
2026-09-21,SGD,2.9737,2026-10-06,A,DAILY,21,9,2026
2026-09-21,MYR,0.9306,2026-10-06,A,DAILY,21,9,2026
2026-09-22,UAH,0.0846,2026-10-06,A,DAILY,22,9,2026
2026-09-22,CLP,0.0040,2026-10-06,A,DAILY,22,9,2026
2026-09-24,SGD,3.0139,2026-10-06,A,DAILY,24,9,2026
2026-09-24,UAH,0.0858,2026-10-06,A,DAILY,24,9,2026
2026-09-25,HKD,0.4896,2026-10-06,A,DAILY,25,9,2026
2026-09-25,CHF,4.6345,2026-10-06,A,DAILY,25,9,2026
2026-09-25,CZK,0.1796,2026-10-06,A,DAILY,25,9,2026
2026-09-29,CHF,4.6202,2026-10-06,A,DAILY,29,9,2026
2026-09-30,GBP,5.1040,2026-10-06,A,DAILY,30,9,2026
2026-10-05,DKK,0.5868,2026-10-06,A,DAILY,5,10,2026
2026-10-05,NOK,0.4074,2026-10-06,A,DAILY,5,10,2026
2026-10-06,CZK,0.1789,2026-10-06,A,DAILY,6,10,2026
2026-10-06,SEK,0.3883,2026-10-06,A,DAILY,6,10,2026
2026-09-07,CAD,2.6826,2026-10-06,A,DAILY,7,9,2026
2026-09-08,THB,0.1128,2026-10-06,A,DAILY,8,9,2026
2026-09-08,HUF,0.0118,2026-10-06,A,DAILY,8,9,2026
2026-09-11,JPY,0.0242,2026-10-06,A,DAILY,11,9,2026
2026-09-14,HKD,0.4795,2026-10-06,A,DAILY,14,9,2026
2026-09-14,CHF,4.5926,2026-10-06,A,DAILY,14,9,2026
2026-09-15,NZD,2.1723,2026-10-06,A,DAILY,15,9,2026
2026-09-15,CHF,4.6069,2026-10-06,A,DAILY,15,9,2026
2026-09-15,DKK,0.5812,2026-10-06,A,DAILY,15,9,2026
2026-09-15,MXN,0.2192,2026-10-06,A,DAILY,15,9,2026
2026-09-16,HUF,0.0119,2026-10-06,A,DAILY,16,9,2026
2026-09-16,IDR,0.0002,2026-10-06,A,DAILY,16,9,2026
2026-09-17,MYR,0.9277,2026-10-06,A,DAILY,17,9,2026
2026-09-18,ISK,0.0313,2026-10-06,A,DAILY,18,9,2026
2026-09-18,ILS,1.2537,2026-10-06,A,DAILY,18,9,2026
2026-09-22,MYR,0.9307,2026-10-06,A,DAILY,22,9,2026
2026-09-23,HKD,0.4867,2026-10-06,A,DAILY,23,9,2026
2026-09-23,BRL,0.7477,2026-10-06,A,DAILY,23,9,2026
2026-09-24,CLP,0.0040,2026-10-06,A,DAILY,24,9,2026
2026-09-25,USD,3.8404,2026-10-06,A,DAILY,25,9,2026
2026-09-28,USD,3.8478,2026-10-06,A,DAILY,28,9,2026
2026-09-28,EUR,4.3769,2026-10-06,A,DAILY,28,9,2026
2026-09-28,CHF,4.6297,2026-10-06,A,DAILY,28,9,2026
2026-09-29,THB,0.1147,2026-10-06,A,DAILY,29,9,2026
2026-09-29,USD,3.8537,2026-10-06,A,DAILY,29,9,2026
2026-09-29,XDR,5.2261,2026-10-06,A,DAILY,29,9,2026
2026-09-30,DKK,0.5842,2026-10-06,A,DAILY,30,9,2026
2026-10-01,JPY,0.0245,2026-10-06,A,DAILY,1,10,2026
2026-10-01,CZK,0.1789,2026-10-06,A,DAILY,1,10,2026
2026-10-02,ISK,0.0319,2026-10-06,A,DAILY,2,10,2026
2026-10-02,ILS,1.2713,2026-10-06,A,DAILY,2,10,2026
2026-10-05,USD,3.9116,2026-10-06,A,DAILY,5,10,2026
2026-10-05,NZD,2.1900,2026-10-06,A,DAILY,5,10,2026
2026-10-05,EUR,4.3855,2026-10-06,A,DAILY,5,10,2026
2026-10-05,MYR,0.9569,2026-10-06,A,DAILY,5,10,2026
2026-09-07,TRY,0.0765,2026-10-06,A,DAILY,7,9,2026
2026-09-07,INR,0.0393,2026-10-06,A,DAILY,7,9,2026
2026-09-08,AUD,2.6797,2026-10-06,A,DAILY,8,9,2026
2026-09-08,DKK,0.5773,2026-10-06,A,DAILY,8,9,2026
2026-09-08,ISK,0.0307,2026-10-06,A,DAILY,8,9,2026
2026-09-09,SEK,0.3868,2026-10-06,A,DAILY,9,9,2026
2026-09-09,IDR,0.0002,2026-10-06,A,DAILY,9,9,2026
2026-09-14,GBP,5.0705,2026-10-06,A,DAILY,14,9,2026
2026-09-14,JPY,0.0243,2026-10-06,A,DAILY,14,9,2026
2026-09-15,RON,0.8253,2026-10-06,A,DAILY,15,9,2026
2026-09-15,PHP,0.0599,2026-10-06,A,DAILY,15,9,2026
2026-09-16,THB,0.1131,2026-10-06,A,DAILY,16,9,2026
2026-09-16,KRW,0.0028,2026-10-06,A,DAILY,16,9,2026
2026-09-17,KRW,0.0027,2026-10-06,A,DAILY,17,9,2026
2026-09-18,CHF,4.6085,2026-10-06,A,DAILY,18,9,2026
2026-09-21,JPY,0.0241,2026-10-06,A,DAILY,21,9,2026
2026-09-21,MXN,0.2205,2026-10-06,A,DAILY,21,9,2026
2026-09-21,ZAR,0.2332,2026-10-06,A,DAILY,21,9,2026
2026-09-22,HUF,0.0120,2026-10-06,A,DAILY,22,9,2026
2026-09-22,MXN,0.2199,2026-10-06,A,DAILY,22,9,2026
2026-09-24,JPY,0.0243,2026-10-06,A,DAILY,24,9,2026
2026-09-24,MYR,0.9450,2026-10-06,A,DAILY,24,9,2026
2026-09-24,IDR,0.0002,2026-10-06,A,DAILY,24,9,2026
2026-09-24,XDR,5.2378,2026-10-06,A,DAILY,24,9,2026
2026-09-25,GBP,5.0822,2026-10-06,A,DAILY,25,9,2026
2026-09-25,TRY,0.0784,2026-10-06,A,DAILY,25,9,2026
2026-09-25,ILS,1.2664,2026-10-06,A,DAILY,25,9,2026
2026-09-28,RON,0.8289,2026-10-06,A,DAILY,28,9,2026
2026-09-30,NZD,2.1741,2026-10-06,A,DAILY,30,9,2026
2026-09-30,NOK,0.4005,2026-10-06,A,DAILY,30,9,2026
2026-09-30,SEK,0.3855,2026-10-06,A,DAILY,30,9,2026
2026-09-30,CLP,0.0040,2026-10-06,A,DAILY,30,9,2026
2026-10-01,ZAR,0.2337,2026-10-06,A,DAILY,1,10,2026
2026-10-02,CLP,0.0039,2026-10-06,A,DAILY,2,10,2026
2026-10-05,UAH,0.0868,2026-10-06,A,DAILY,5,10,2026
2026-10-05,ISK,0.0320,2026-10-06,A,DAILY,5,10,2026
2026-10-05,PHP,0.0625,2026-10-06,A,DAILY,5,10,2026
2026-10-05,BRL,0.7489,2026-10-06,A,DAILY,5,10,2026
2026-10-06,JPY,0.0246,2026-10-06,A,DAILY,6,10,2026
2026-10-06,DKK,0.5846,2026-10-06,A,DAILY,6,10,2026
2026-09-07,ISK,0.0306,2026-10-06,A,DAILY,7,9,2026
2026-09-07,CLP,0.0040,2026-10-06,A,DAILY,7,9,2026
2026-09-07,IDR,0.0002,2026-10-06,A,DAILY,7,9,2026
2026-09-08,CHF,4.5788,2026-10-06,A,DAILY,8,9,2026
2026-09-08,CNY,0.5538,2026-10-06,A,DAILY,8,9,2026
2026-09-09,USD,3.7111,2026-10-06,A,DAILY,9,9,2026
2026-09-11,MYR,0.9160,2026-10-06,A,DAILY,11,9,2026
2026-09-14,UAH,0.0842,2026-10-06,A,DAILY,14,9,2026
2026-09-14,MYR,0.9224,2026-10-06,A,DAILY,14,9,2026
2026-09-15,CZK,0.1788,2026-10-06,A,DAILY,15,9,2026
2026-09-16,HKD,0.4798,2026-10-06,A,DAILY,16,9,2026
2026-09-16,NZD,2.1662,2026-10-06,A,DAILY,16,9,2026
2026-09-16,GBP,5.0703,2026-10-06,A,DAILY,16,9,2026
2026-09-17,CAD,2.7190,2026-10-06,A,DAILY,17,9,2026
2026-09-18,NOK,0.4029,2026-10-06,A,DAILY,18,9,2026
2026-09-18,SEK,0.3872,2026-10-06,A,DAILY,18,9,2026
2026-09-21,SEK,0.3860,2026-10-06,A,DAILY,21,9,2026
2026-09-22,GBP,5.0671,2026-10-06,A,DAILY,22,9,2026
2026-09-23,NZD,2.1770,2026-10-06,A,DAILY,23,9,2026
2026-09-23,TRY,0.0781,2026-10-06,A,DAILY,23,9,2026
2026-09-23,KRW,0.0028,2026-10-06,A,DAILY,23,9,2026
2026-09-24,ILS,1.2632,2026-10-06,A,DAILY,24,9,2026
2026-09-25,MXN,0.2174,2026-10-06,A,DAILY,25,9,2026
2026-09-25,CNY,0.5721,2026-10-06,A,DAILY,25,9,2026
2026-09-28,CAD,2.7182,2026-10-06,A,DAILY,28,9,2026
2026-09-28,GBP,5.1054,2026-10-06,A,DAILY,28,9,2026
2026-09-28,ZAR,0.2341,2026-10-06,A,DAILY,28,9,2026
2026-09-29,NOK,0.4019,2026-10-06,A,DAILY,29,9,2026
2026-09-30,ILS,1.2563,2026-10-06,A,DAILY,30,9,2026
2026-10-01,EUR,4.3770,2026-10-06,A,DAILY,1,10,2026
2026-10-01,HUF,0.0119,2026-10-06,A,DAILY,1,10,2026
2026-10-01,NOK,0.4018,2026-10-06,A,DAILY,1,10,2026
2026-10-02,TRY,0.0791,2026-10-06,A,DAILY,2,10,2026
2026-10-02,PHP,0.0622,2026-10-06,A,DAILY,2,10,2026
2026-10-02,INR,0.0404,2026-10-06,A,DAILY,2,10,2026
2026-10-05,MXN,0.2154,2026-10-06,A,DAILY,5,10,2026
2026-10-05,KRW,0.0029,2026-10-06,A,DAILY,5,10,2026
2026-10-06,USD,3.8868,2026-10-06,A,DAILY,6,10,2026
2026-10-06,SGD,3.0402,2026-10-06,A,DAILY,6,10,2026
2026-09-08,CLP,0.0040,2026-10-06,A,DAILY,8,9,2026
2026-09-08,MXN,0.2190,2026-10-06,A,DAILY,8,9,2026
2026-09-10,NZD,2.1690,2026-10-06,A,DAILY,10,9,2026
2026-09-10,MYR,0.9125,2026-10-06,A,DAILY,10,9,2026
2026-09-10,CNY,0.5533,2026-10-06,A,DAILY,10,9,2026
2026-09-11,HKD,0.4752,2026-10-06,A,DAILY,11,9,2026
2026-09-11,NOK,0.4005,2026-10-06,A,DAILY,11,9,2026
2026-09-11,XDR,5.1113,2026-10-06,A,DAILY,11,9,2026
2026-09-14,THB,0.1131,2026-10-06,A,DAILY,14,9,2026
2026-09-14,RON,0.8256,2026-10-06,A,DAILY,14,9,2026
2026-09-14,IDR,0.0002,2026-10-06,A,DAILY,14,9,2026
2026-09-14,CNY,0.5607,2026-10-06,A,DAILY,14,9,2026
2026-09-15,EUR,4.3445,2026-10-06,A,DAILY,15,9,2026
2026-09-17,USD,3.8030,2026-10-06,A,DAILY,17,9,2026
2026-09-17,JPY,0.0244,2026-10-06,A,DAILY,17,9,2026
2026-09-17,ISK,0.0312,2026-10-06,A,DAILY,17,9,2026
2026-09-17,CLP,0.0040,2026-10-06,A,DAILY,17,9,2026
2026-09-17,XDR,5.1771,2026-10-06,A,DAILY,17,9,2026
2026-09-18,GBP,5.0804,2026-10-06,A,DAILY,18,9,2026
2026-09-18,BRL,0.7408,2026-10-06,A,DAILY,18,9,2026
2026-09-21,AUD,2.7044,2026-10-06,A,DAILY,21,9,2026
2026-09-21,TRY,0.0777,2026-10-06,A,DAILY,21,9,2026
2026-09-22,AUD,2.6976,2026-10-06,A,DAILY,22,9,2026
2026-09-24,DKK,0.5872,2026-10-06,A,DAILY,24,9,2026
2026-09-24,MXN,0.2197,2026-10-06,A,DAILY,24,9,2026
2026-09-25,IDR,0.0002,2026-10-06,A,DAILY,25,9,2026
2026-09-28,SGD,3.0095,2026-10-06,A,DAILY,28,9,2026
2026-09-29,IDR,0.0002,2026-10-06,A,DAILY,29,9,2026
2026-09-30,THB,0.1146,2026-10-06,A,DAILY,30,9,2026
2026-09-30,INR,0.0401,2026-10-06,A,DAILY,30,9,2026
2026-10-01,NZD,2.1739,2026-10-06,A,DAILY,1,10,2026
2026-10-01,UAH,0.0864,2026-10-06,A,DAILY,1,10,2026
2026-10-01,CLP,0.0040,2026-10-06,A,DAILY,1,10,2026
2026-10-02,AUD,2.6990,2026-10-06,A,DAILY,2,10,2026
2026-10-02,HUF,0.0119,2026-10-06,A,DAILY,2,10,2026
2026-10-02,BRL,0.7446,2026-10-06,A,DAILY,2,10,2026
2026-10-05,CHF,4.7166,2026-10-06,A,DAILY,5,10,2026
2026-10-06,HKD,0.4953,2026-10-06,A,DAILY,6,10,2026
2026-10-06,MXN,0.2157,2026-10-06,A,DAILY,6,10,2026
2026-10-06,INR,0.0403,2026-10-06,A,DAILY,6,10,2026
2026-09-07,HKD,0.4730,2026-10-06,A,DAILY,7,9,2026
2026-09-07,BRL,0.7235,2026-10-06,A,DAILY,7,9,2026
2026-09-08,JPY,0.0241,2026-10-06,A,DAILY,8,9,2026
2026-09-09,UAH,0.0830,2026-10-06,A,DAILY,9,9,2026
2026-09-09,CNY,0.5532,2026-10-06,A,DAILY,9,9,2026
2026-09-10,IDR,0.0002,2026-10-06,A,DAILY,10,9,2026
2026-09-11,AUD,2.6712,2026-10-06,A,DAILY,11,9,2026
2026-09-11,CZK,0.1784,2026-10-06,A,DAILY,11,9,2026
2026-09-14,XDR,5.1351,2026-10-06,A,DAILY,14,9,2026
2026-09-15,THB,0.1131,2026-10-06,A,DAILY,15,9,2026
2026-09-16,TRY,0.0773,2026-10-06,A,DAILY,16,9,2026
2026-09-16,INR,0.0392,2026-10-06,A,DAILY,16,9,2026
2026-09-17,TRY,0.0779,2026-10-06,A,DAILY,17,9,2026
2026-09-21,USD,3.7931,2026-10-06,A,DAILY,21,9,2026
2026-09-21,HKD,0.4835,2026-10-06,A,DAILY,21,9,2026
2026-09-21,HUF,0.0120,2026-10-06,A,DAILY,21,9,2026
2026-09-22,DKK,0.5814,2026-10-06,A,DAILY,22,9,2026
2026-09-23,CZK,0.1789,2026-10-06,A,DAILY,23,9,2026
2026-09-24,NZD,2.1884,2026-10-06,A,DAILY,24,9,2026
2026-09-25,MYR,0.9428,2026-10-06,A,DAILY,25,9,2026
2026-09-28,HKD,0.4905,2026-10-06,A,DAILY,28,9,2026
2026-09-28,NZD,2.1782,2026-10-06,A,DAILY,28,9,2026
2026-09-30,USD,3.8449,2026-10-06,A,DAILY,30,9,2026
2026-09-30,ISK,0.0319,2026-10-06,A,DAILY,30,9,2026
2026-09-30,RON,0.8271,2026-10-06,A,DAILY,30,9,2026
2026-10-05,ILS,1.2793,2026-10-06,A,DAILY,5,10,2026
2026-10-06,HUF,0.0120,2026-10-06,A,DAILY,6,10,2026
2026-10-06,GBP,5.1468,2026-10-06,A,DAILY,6,10,2026
2026-10-06,CNY,0.5737,2026-10-06,A,DAILY,6,10,2026
2026-09-07,HUF,0.0119,2026-10-06,A,DAILY,7,9,2026
2026-09-07,ZAR,0.2322,2026-10-06,A,DAILY,7,9,2026
2026-09-07,XDR,5.0876,2026-10-06,A,DAILY,7,9,2026
2026-09-08,NZD,2.1706,2026-10-06,A,DAILY,8,9,2026
2026-09-09,ILS,1.2285,2026-10-06,A,DAILY,9,9,2026
2026-09-09,CLP,0.0040,2026-10-06,A,DAILY,9,9,2026
2026-09-09,PHP,0.0594,2026-10-06,A,DAILY,9,9,2026
2026-09-10,DKK,0.5777,2026-10-06,A,DAILY,10,9,2026
2026-09-10,PHP,0.0593,2026-10-06,A,DAILY,10,9,2026
2026-09-11,PHP,0.0595,2026-10-06,A,DAILY,11,9,2026
2026-09-14,NZD,2.1702,2026-10-06,A,DAILY,14,9,2026
2026-09-15,USD,3.7667,2026-10-06,A,DAILY,15,9,2026
2026-09-15,CNY,0.5611,2026-10-06,A,DAILY,15,9,2026
2026-09-16,NOK,0.4026,2026-10-06,A,DAILY,16,9,2026
2026-09-17,THB,0.1140,2026-10-06,A,DAILY,17,9,2026
2026-09-17,NZD,2.1811,2026-10-06,A,DAILY,17,9,2026
2026-09-17,CZK,0.1792,2026-10-06,A,DAILY,17,9,2026
2026-09-17,IDR,0.0002,2026-10-06,A,DAILY,17,9,2026
2026-09-17,CNY,0.5670,2026-10-06,A,DAILY,17,9,2026
2026-09-18,SGD,2.9757,2026-10-06,A,DAILY,18,9,2026
2026-09-18,UAH,0.0850,2026-10-06,A,DAILY,18,9,2026
2026-09-18,PHP,0.0605,2026-10-06,A,DAILY,18,9,2026
2026-09-21,CNY,0.5664,2026-10-06,A,DAILY,21,9,2026
2026-09-22,HKD,0.4836,2026-10-06,A,DAILY,22,9,2026
2026-09-22,CZK,0.1786,2026-10-06,A,DAILY,22,9,2026
2026-09-22,ZAR,0.2332,2026-10-06,A,DAILY,22,9,2026
2026-09-22,IDR,0.0002,2026-10-06,A,DAILY,22,9,2026
2026-09-22,INR,0.0397,2026-10-06,A,DAILY,22,9,2026
2026-09-23,HUF,0.0120,2026-10-06,A,DAILY,23,9,2026
2026-09-23,CHF,4.6417,2026-10-06,A,DAILY,23,9,2026
2026-09-23,XDR,5.1888,2026-10-06,A,DAILY,23,9,2026
2026-09-24,THB,0.1152,2026-10-06,A,DAILY,24,9,2026
2026-09-24,GBP,5.1061,2026-10-06,A,DAILY,24,9,2026
2026-09-24,ISK,0.0318,2026-10-06,A,DAILY,24,9,2026
2026-09-24,NOK,0.4080,2026-10-06,A,DAILY,24,9,2026
2026-09-24,PHP,0.0615,2026-10-06,A,DAILY,24,9,2026
2026-09-25,THB,0.1152,2026-10-06,A,DAILY,25,9,2026
2026-09-25,NZD,2.1774,2026-10-06,A,DAILY,25,9,2026
2026-09-25,SGD,3.0053,2026-10-06,A,DAILY,25,9,2026
2026-09-25,JPY,0.0243,2026-10-06,A,DAILY,25,9,2026
2026-09-25,RON,0.8299,2026-10-06,A,DAILY,25,9,2026
2026-09-28,JPY,0.0245,2026-10-06,A,DAILY,28,9,2026
2026-09-28,DKK,0.5855,2026-10-06,A,DAILY,28,9,2026
2026-09-28,MXN,0.2162,2026-10-06,A,DAILY,28,9,2026
2026-09-28,XDR,5.2205,2026-10-06,A,DAILY,28,9,2026
2026-09-29,ISK,0.0319,2026-10-06,A,DAILY,29,9,2026
2026-09-29,KRW,0.0028,2026-10-06,A,DAILY,29,9,2026
2026-09-30,EUR,4.3672,2026-10-06,A,DAILY,30,9,2026
2026-09-30,ZAR,0.2348,2026-10-06,A,DAILY,30,9,2026
2026-10-01,AUD,2.6894,2026-10-06,A,DAILY,1,10,2026
2026-10-01,RON,0.8299,2026-10-06,A,DAILY,1,10,2026
2026-10-02,HKD,0.4955,2026-10-06,A,DAILY,2,10,2026
2026-10-02,CAD,2.7316,2026-10-06,A,DAILY,2,10,2026
2026-10-02,MYR,0.9523,2026-10-06,A,DAILY,2,10,2026
2026-10-05,HUF,0.0119,2026-10-06,A,DAILY,5,10,2026
2026-10-05,INR,0.0406,2026-10-06,A,DAILY,5,10,2026
2026-10-06,ISK,0.0319,2026-10-06,A,DAILY,6,10,2026
2026-09-09,AED,1.0096,2026-10-06,B,WEEKLY,9,9,2026
2026-09-09,FJD,1.6911,2026-10-06,B,WEEKLY,9,9,2026
2026-09-09,VND,0.0001,2026-10-06,B,WEEKLY,9,9,2026
2026-09-09,AWG,2.0715,2026-10-06,B,WEEKLY,9,9,2026
2026-09-09,ALL,0.0469,2026-10-06,B,WEEKLY,9,9,2026
2026-09-09,ERN,0.2460,2026-10-06,B,WEEKLY,9,9,2026
2026-09-09,ZWG,0.1362,2026-10-06,B,WEEKLY,9,9,2026
2026-09-16,PAB,3.7639,2026-10-06,B,WEEKLY,16,9,2026
2026-09-16,PYG,0.0006,2026-10-06,B,WEEKLY,16,9,2026
2026-09-16,ARS,0.0025,2026-10-06,B,WEEKLY,16,9,2026
2026-09-16,DOP,0.0637,2026-10-06,B,WEEKLY,16,9,2026
2026-09-16,GTQ,0.4927,2026-10-06,B,WEEKLY,16,9,2026
2026-09-16,SAR,1.0014,2026-10-06,B,WEEKLY,16,9,2026
2026-09-16,LKR,0.0113,2026-10-06,B,WEEKLY,16,9,2026
2026-09-16,KZT,0.0084,2026-10-06,B,WEEKLY,16,9,2026
2026-09-23,IQD,0.0029,2026-10-06,B,WEEKLY,23,9,2026
2026-09-23,TND,1.2881,2026-10-06,B,WEEKLY,23,9,2026
2026-09-23,FJD,1.7057,2026-10-06,B,WEEKLY,23,9,2026
2026-09-23,AZN,2.2455,2026-10-06,B,WEEKLY,23,9,2026
2026-09-23,ERN,0.2533,2026-10-06,B,WEEKLY,23,9,2026
2026-09-30,BOB,0.3198,2026-10-06,B,WEEKLY,30,9,2026
2026-09-30,CRC,0.0084,2026-10-06,B,WEEKLY,30,9,2026
2026-09-30,NIO,0.1046,2026-10-06,B,WEEKLY,30,9,2026
2026-09-30,BHD,10.2097,2026-10-06,B,WEEKLY,30,9,2026
2026-09-30,AZN,2.2641,2026-10-06,B,WEEKLY,30,9,2026
2026-09-09,GNF,0.0004,2026-10-06,B,WEEKLY,9,9,2026
2026-09-09,SSP,0.0007,2026-10-06,B,WEEKLY,9,9,2026
2026-09-09,GEL,1.4245,2026-10-06,B,WEEKLY,9,9,2026
2026-09-09,DOP,0.0631,2026-10-06,B,WEEKLY,9,9,2026
2026-09-09,BWP,0.2769,2026-10-06,B,WEEKLY,9,9,2026
2026-09-09,SOS,0.0065,2026-10-06,B,WEEKLY,9,9,2026
2026-09-09,KZT,0.0081,2026-10-06,B,WEEKLY,9,9,2026
2026-09-16,SVC,0.4296,2026-10-06,B,WEEKLY,16,9,2026
2026-09-16,AED,1.0240,2026-10-06,B,WEEKLY,16,9,2026
2026-09-16,GEL,1.4466,2026-10-06,B,WEEKLY,16,9,2026
2026-09-16,VUV,0.0322,2026-10-06,B,WEEKLY,16,9,2026
2026-09-16,ZWG,0.1410,2026-10-06,B,WEEKLY,16,9,2026
2026-09-23,MGA,0.0009,2026-10-06,B,WEEKLY,23,9,2026
2026-09-23,PAB,3.8175,2026-10-06,B,WEEKLY,23,9,2026
2026-09-23,CRC,0.0084,2026-10-06,B,WEEKLY,23,9,2026
2026-09-23,GMD,0.0514,2026-10-06,B,WEEKLY,23,9,2026
2026-09-23,TWD,0.1203,2026-10-06,B,WEEKLY,23,9,2026
2026-09-23,PKR,0.0138,2026-10-06,B,WEEKLY,23,9,2026
2026-09-23,SOS,0.0067,2026-10-06,B,WEEKLY,23,9,2026
2026-09-30,PAB,3.8449,2026-10-06,B,WEEKLY,30,9,2026
2026-09-30,ETB,0.0236,2026-10-06,B,WEEKLY,30,9,2026
2026-09-30,AWG,2.1503,2026-10-06,B,WEEKLY,30,9,2026
2026-09-30,UGX,0.0010,2026-10-06,B,WEEKLY,30,9,2026
2026-09-09,MKD,0.0701,2026-10-06,B,WEEKLY,9,9,2026
2026-09-09,RSD,0.0368,2026-10-06,B,WEEKLY,9,9,2026
2026-09-09,TND,1.2766,2026-10-06,B,WEEKLY,9,9,2026
2026-09-09,BBD,1.8410,2026-10-06,B,WEEKLY,9,9,2026
2026-09-09,AMD,0.0102,2026-10-06,B,WEEKLY,9,9,2026
2026-09-09,UYU,0.0921,2026-10-06,B,WEEKLY,9,9,2026
2026-09-16,SBD,0.4731,2026-10-06,B,WEEKLY,16,9,2026
2026-09-16,CDF,0.0016,2026-10-06,B,WEEKLY,16,9,2026
2026-09-16,SYP,0.0308,2026-10-06,B,WEEKLY,16,9,2026
2026-09-16,ERN,0.2495,2026-10-06,B,WEEKLY,16,9,2026
2026-09-16,MRU,0.0934,2026-10-06,B,WEEKLY,16,9,2026
2026-09-16,KHR,0.0009,2026-10-06,B,WEEKLY,16,9,2026
2026-09-16,RUB,0.0447,2026-10-06,B,WEEKLY,16,9,2026
2026-09-23,JOD,5.3839,2026-10-06,B,WEEKLY,23,9,2026
2026-09-23,GNF,0.0004,2026-10-06,B,WEEKLY,23,9,2026
2026-09-23,XCG,2.1181,2026-10-06,B,WEEKLY,23,9,2026
2026-09-23,MZN,0.0595,2026-10-06,B,WEEKLY,23,9,2026
2026-09-23,NGN,0.0029,2026-10-06,B,WEEKLY,23,9,2026
2026-09-23,TOP,1.6114,2026-10-06,B,WEEKLY,23,9,2026
2026-09-23,SAR,1.0165,2026-10-06,B,WEEKLY,23,9,2026
2026-09-23,RUB,0.0453,2026-10-06,B,WEEKLY,23,9,2026
2026-09-23,MUR,0.0797,2026-10-06,B,WEEKLY,23,9,2026
2026-09-23,VUV,0.0327,2026-10-06,B,WEEKLY,23,9,2026
2026-09-23,BAM,2.2261,2026-10-06,B,WEEKLY,23,9,2026
2026-09-30,MGA,0.0009,2026-10-06,B,WEEKLY,30,9,2026
2026-09-30,IQD,0.0029,2026-10-06,B,WEEKLY,30,9,2026
2026-09-30,BIF,0.0013,2026-10-06,B,WEEKLY,30,9,2026
2026-09-30,SYP,0.0315,2026-10-06,B,WEEKLY,30,9,2026
2026-09-30,HTG,0.0294,2026-10-06,B,WEEKLY,30,9,2026
2026-09-30,PYG,0.0007,2026-10-06,B,WEEKLY,30,9,2026
2026-09-30,LAK,0.0002,2026-10-06,B,WEEKLY,30,9,2026
2026-09-30,HNL,0.1434,2026-10-06,B,WEEKLY,30,9,2026
2026-09-30,PKR,0.0139,2026-10-06,B,WEEKLY,30,9,2026
2026-09-30,VUV,0.0319,2026-10-06,B,WEEKLY,30,9,2026
2026-09-09,BHD,9.8351,2026-10-06,B,WEEKLY,9,9,2026
2026-09-09,DJF,0.0208,2026-10-06,B,WEEKLY,9,9,2026
2026-09-09,SDG,0.0062,2026-10-06,B,WEEKLY,9,9,2026
2026-09-09,ZMW,0.1923,2026-10-06,B,WEEKLY,9,9,2026
2026-09-09,OMR,9.6308,2026-10-06,B,WEEKLY,9,9,2026
2026-09-09,UGX,0.0010,2026-10-06,B,WEEKLY,9,9,2026
2026-09-16,BBD,1.8674,2026-10-06,B,WEEKLY,16,9,2026
2026-09-16,BND,2.9553,2026-10-06,B,WEEKLY,16,9,2026
2026-09-16,VND,0.0001,2026-10-06,B,WEEKLY,16,9,2026
2026-09-16,XAF,0.0065,2026-10-06,B,WEEKLY,16,9,2026
2026-09-16,DJF,0.0211,2026-10-06,B,WEEKLY,16,9,2026
2026-09-16,SSP,0.0007,2026-10-06,B,WEEKLY,16,9,2026
2026-09-16,AOA,0.0041,2026-10-06,B,WEEKLY,16,9,2026
2026-09-16,COP,0.0012,2026-10-06,B,WEEKLY,16,9,2026
2026-09-16,KGS,0.0430,2026-10-06,B,WEEKLY,16,9,2026
2026-09-23,ETB,0.0234,2026-10-06,B,WEEKLY,23,9,2026
2026-09-23,STN,0.1761,2026-10-06,B,WEEKLY,23,9,2026
2026-09-23,AMD,0.0105,2026-10-06,B,WEEKLY,23,9,2026
2026-09-23,PEN,1.1283,2026-10-06,B,WEEKLY,23,9,2026
2026-09-30,KWD,12.5027,2026-10-06,B,WEEKLY,30,9,2026
2026-09-30,XPF,0.0366,2026-10-06,B,WEEKLY,30,9,2026
2026-09-30,BYN,1.2742,2026-10-06,B,WEEKLY,30,9,2026
2026-09-30,MVR,0.2490,2026-10-06,B,WEEKLY,30,9,2026
2026-09-30,KES,0.0297,2026-10-06,B,WEEKLY,30,9,2026
2026-09-30,SOS,0.0067,2026-10-06,B,WEEKLY,30,9,2026
2026-09-09,HNL,0.1382,2026-10-06,B,WEEKLY,9,9,2026
2026-09-09,ARS,0.0025,2026-10-06,B,WEEKLY,9,9,2026
2026-09-09,COP,0.0012,2026-10-06,B,WEEKLY,9,9,2026
2026-09-09,KHR,0.0009,2026-10-06,B,WEEKLY,9,9,2026
2026-09-09,RUB,0.0433,2026-10-06,B,WEEKLY,9,9,2026
2026-09-09,LKR,0.0113,2026-10-06,B,WEEKLY,9,9,2026
2026-09-09,SCR,0.2697,2026-10-06,B,WEEKLY,9,9,2026
2026-09-16,ETB,0.0232,2026-10-06,B,WEEKLY,16,9,2026
2026-09-16,CUP,3.7639,2026-10-06,B,WEEKLY,16,9,2026
2026-09-16,UYU,0.0935,2026-10-06,B,WEEKLY,16,9,2026
2026-09-16,TJS,0.4078,2026-10-06,B,WEEKLY,16,9,2026
2026-09-23,CVE,0.0394,2026-10-06,B,WEEKLY,23,9,2026
2026-09-23,AOA,0.0042,2026-10-06,B,WEEKLY,23,9,2026
2026-09-23,SZL,0.2349,2026-10-06,B,WEEKLY,23,9,2026
2026-09-30,LYD,0.6018,2026-10-06,B,WEEKLY,30,9,2026
2026-09-30,CVE,0.0395,2026-10-06,B,WEEKLY,30,9,2026
2026-09-30,KMF,0.0089,2026-10-06,B,WEEKLY,30,9,2026
2026-09-30,CDF,0.0017,2026-10-06,B,WEEKLY,30,9,2026
2026-09-30,EGP,0.0742,2026-10-06,B,WEEKLY,30,9,2026
2026-09-30,COP,0.0012,2026-10-06,B,WEEKLY,30,9,2026
2026-09-30,BDT,0.0312,2026-10-06,B,WEEKLY,30,9,2026
2026-09-09,ETB,0.0227,2026-10-06,B,WEEKLY,9,9,2026
2026-09-09,NGN,0.0028,2026-10-06,B,WEEKLY,9,9,2026
2026-09-09,TMT,1.0594,2026-10-06,B,WEEKLY,9,9,2026
2026-09-09,CUP,3.7111,2026-10-06,B,WEEKLY,9,9,2026
2026-09-09,BYN,1.2081,2026-10-06,B,WEEKLY,9,9,2026
2026-09-16,MGA,0.0009,2026-10-06,B,WEEKLY,16,9,2026
2026-09-16,GMD,0.0506,2026-10-06,B,WEEKLY,16,9,2026
2026-09-16,LYD,0.5922,2026-10-06,B,WEEKLY,16,9,2026
2026-09-16,FJD,1.6993,2026-10-06,B,WEEKLY,16,9,2026
2026-09-16,SDG,0.0063,2026-10-06,B,WEEKLY,16,9,2026
2026-09-16,PGK,0.8319,2026-10-06,B,WEEKLY,16,9,2026
2026-09-16,MMK,0.0018,2026-10-06,B,WEEKLY,16,9,2026
2026-09-16,OMR,9.7694,2026-10-06,B,WEEKLY,16,9,2026
2026-09-16,BYN,1.2441,2026-10-06,B,WEEKLY,16,9,2026
2026-09-23,BOB,0.3201,2026-10-06,B,WEEKLY,23,9,2026
2026-09-23,RSD,0.0371,2026-10-06,B,WEEKLY,23,9,2026
2026-09-23,BBD,1.8953,2026-10-06,B,WEEKLY,23,9,2026
2026-09-23,NAD,0.2349,2026-10-06,B,WEEKLY,23,9,2026
2026-09-23,XCD,1.4106,2026-10-06,B,WEEKLY,23,9,2026
2026-09-23,LAK,0.0002,2026-10-06,B,WEEKLY,23,9,2026
2026-09-23,ZMW,0.1960,2026-10-06,B,WEEKLY,23,9,2026
2026-09-23,BWP,0.2817,2026-10-06,B,WEEKLY,23,9,2026
2026-09-23,QAR,1.0473,2026-10-06,B,WEEKLY,23,9,2026
2026-09-23,KHR,0.0009,2026-10-06,B,WEEKLY,23,9,2026
2026-09-23,NPR,0.0249,2026-10-06,B,WEEKLY,23,9,2026
2026-09-30,BSD,3.8449,2026-10-06,B,WEEKLY,30,9,2026
2026-09-30,AMD,0.0106,2026-10-06,B,WEEKLY,30,9,2026
2026-09-30,ALL,0.0474,2026-10-06,B,WEEKLY,30,9,2026
2026-09-30,ERN,0.2553,2026-10-06,B,WEEKLY,30,9,2026
2026-09-30,KGS,0.0440,2026-10-06,B,WEEKLY,30,9,2026
2026-09-09,BOB,0.2960,2026-10-06,B,WEEKLY,9,9,2026
2026-09-09,BZD,1.8437,2026-10-06,B,WEEKLY,9,9,2026
2026-09-09,LAK,0.0002,2026-10-06,B,WEEKLY,9,9,2026
2026-09-09,MWK,0.0021,2026-10-06,B,WEEKLY,9,9,2026
2026-09-09,TWD,0.1179,2026-10-06,B,WEEKLY,9,9,2026
2026-09-09,WST,1.3771,2026-10-06,B,WEEKLY,9,9,2026
2026-09-16,VES,0.0044,2026-10-06,B,WEEKLY,16,9,2026
2026-09-16,TND,1.2912,2026-10-06,B,WEEKLY,16,9,2026
2026-09-16,HNL,0.1401,2026-10-06,B,WEEKLY,16,9,2026
2026-09-16,TOP,1.5852,2026-10-06,B,WEEKLY,16,9,2026
2026-09-16,NPR,0.0245,2026-10-06,B,WEEKLY,16,9,2026
2026-09-23,BHD,10.1250,2026-10-06,B,WEEKLY,23,9,2026
2026-09-23,BSD,3.8175,2026-10-06,B,WEEKLY,23,9,2026
2026-09-23,BZD,1.8980,2026-10-06,B,WEEKLY,23,9,2026
2026-09-23,TTD,0.5616,2026-10-06,B,WEEKLY,23,9,2026
2026-09-23,UZS,0.0003,2026-10-06,B,WEEKLY,23,9,2026
2026-09-23,WST,1.4015,2026-10-06,B,WEEKLY,23,9,2026
2026-09-30,LSL,0.2353,2026-10-06,B,WEEKLY,30,9,2026
2026-09-30,TZS,0.0015,2026-10-06,B,WEEKLY,30,9,2026
2026-09-30,ZWG,0.1436,2026-10-06,B,WEEKLY,30,9,2026
2026-09-09,MGA,0.0009,2026-10-06,B,WEEKLY,9,9,2026
2026-09-09,PAB,3.7111,2026-10-06,B,WEEKLY,9,9,2026
2026-09-09,CRC,0.0082,2026-10-06,B,WEEKLY,9,9,2026
2026-09-09,IQD,0.0028,2026-10-06,B,WEEKLY,9,9,2026
2026-09-09,KWD,12.0927,2026-10-06,B,WEEKLY,9,9,2026
2026-09-09,TTD,0.5461,2026-10-06,B,WEEKLY,9,9,2026
2026-09-09,CDF,0.0016,2026-10-06,B,WEEKLY,9,9,2026
2026-09-09,GHS,0.3250,2026-10-06,B,WEEKLY,9,9,2026
2026-09-09,MMK,0.0018,2026-10-06,B,WEEKLY,9,9,2026
2026-09-09,LSL,0.2318,2026-10-06,B,WEEKLY,9,9,2026
2026-09-09,QAR,1.0172,2026-10-06,B,WEEKLY,9,9,2026
2026-09-09,KGS,0.0424,2026-10-06,B,WEEKLY,9,9,2026
2026-09-16,NIO,0.1022,2026-10-06,B,WEEKLY,16,9,2026
2026-09-16,KWD,12.2525,2026-10-06,B,WEEKLY,16,9,2026
2026-09-16,MAD,0.3974,2026-10-06,B,WEEKLY,16,9,2026
2026-09-16,BSD,3.7639,2026-10-06,B,WEEKLY,16,9,2026
2026-09-16,BIF,0.0013,2026-10-06,B,WEEKLY,16,9,2026
2026-09-16,XOF,0.0066,2026-10-06,B,WEEKLY,16,9,2026
2026-09-16,MDL,0.2158,2026-10-06,B,WEEKLY,16,9,2026
2026-09-16,SZL,0.2317,2026-10-06,B,WEEKLY,16,9,2026
2026-09-16,MOP,0.4653,2026-10-06,B,WEEKLY,16,9,2026
2026-09-23,MAD,0.3979,2026-10-06,B,WEEKLY,23,9,2026
2026-09-23,AED,1.0394,2026-10-06,B,WEEKLY,23,9,2026
2026-09-23,LRD,0.0221,2026-10-06,B,WEEKLY,23,9,2026
2026-09-23,SBD,0.4803,2026-10-06,B,WEEKLY,23,9,2026
2026-09-23,HTG,0.0292,2026-10-06,B,WEEKLY,23,9,2026
2026-09-23,MWK,0.0022,2026-10-06,B,WEEKLY,23,9,2026
2026-09-23,MOP,0.4723,2026-10-06,B,WEEKLY,23,9,2026
2026-09-23,TZS,0.0014,2026-10-06,B,WEEKLY,23,9,2026
2026-09-30,MAD,0.3975,2026-10-06,B,WEEKLY,30,9,2026
2026-09-30,BZD,1.9138,2026-10-06,B,WEEKLY,30,9,2026
2026-09-30,BND,3.0148,2026-10-06,B,WEEKLY,30,9,2026
2026-09-30,RWF,0.0026,2026-10-06,B,WEEKLY,30,9,2026
2026-09-30,PGK,0.8503,2026-10-06,B,WEEKLY,30,9,2026
2026-09-30,MMK,0.0018,2026-10-06,B,WEEKLY,30,9,2026
2026-09-30,MDL,0.2168,2026-10-06,B,WEEKLY,30,9,2026
2026-09-30,UYU,0.0955,2026-10-06,B,WEEKLY,30,9,2026
2026-09-30,MNT,0.0011,2026-10-06,B,WEEKLY,30,9,2026
2026-09-09,DZD,0.0279,2026-10-06,B,WEEKLY,9,9,2026
2026-09-09,BSD,3.7111,2026-10-06,B,WEEKLY,9,9,2026
2026-09-09,SRD,0.0972,2026-10-06,B,WEEKLY,9,9,2026
2026-09-09,XAF,0.0065,2026-10-06,B,WEEKLY,9,9,2026
2026-09-09,KMF,0.0087,2026-10-06,B,WEEKLY,9,9,2026
2026-09-09,MZN,0.0580,2026-10-06,B,WEEKLY,9,9,2026
2026-09-09,GTQ,0.4853,2026-10-06,B,WEEKLY,9,9,2026
2026-09-09,PEN,1.1059,2026-10-06,B,WEEKLY,9,9,2026
2026-09-09,BDT,0.0301,2026-10-06,B,WEEKLY,9,9,2026
2026-09-16,HTG,0.0288,2026-10-06,B,WEEKLY,16,9,2026
2026-09-16,MVR,0.2433,2026-10-06,B,WEEKLY,16,9,2026
2026-09-16,MUR,0.0795,2026-10-06,B,WEEKLY,16,9,2026
2026-09-16,PEN,1.1210,2026-10-06,B,WEEKLY,16,9,2026
2026-09-16,BDT,0.0305,2026-10-06,B,WEEKLY,16,9,2026
2026-09-23,DZD,0.0286,2026-10-06,B,WEEKLY,23,9,2026
2026-09-23,BND,2.9875,2026-10-06,B,WEEKLY,23,9,2026
2026-09-23,XOF,0.0067,2026-10-06,B,WEEKLY,23,9,2026
2026-09-23,MDL,0.2171,2026-10-06,B,WEEKLY,23,9,2026
2026-09-23,LKR,0.0116,2026-10-06,B,WEEKLY,23,9,2026
2026-09-30,RSD,0.0372,2026-10-06,B,WEEKLY,30,9,2026
2026-09-30,NAD,0.2353,2026-10-06,B,WEEKLY,30,9,2026
2026-09-30,XOF,0.0067,2026-10-06,B,WEEKLY,30,9,2026
2026-09-30,TMT,1.0987,2026-10-06,B,WEEKLY,30,9,2026
2026-09-30,MOP,0.4759,2026-10-06,B,WEEKLY,30,9,2026
2026-09-30,DOP,0.0647,2026-10-06,B,WEEKLY,30,9,2026
2026-09-30,MUR,0.0806,2026-10-06,B,WEEKLY,30,9,2026
2026-09-30,NPR,0.0251,2026-10-06,B,WEEKLY,30,9,2026
2026-09-30,SCR,0.2752,2026-10-06,B,WEEKLY,30,9,2026
2026-09-30,BAM,2.2306,2026-10-06,B,WEEKLY,30,9,2026
2026-09-09,AFN,0.0577,2026-10-06,B,WEEKLY,9,9,2026
2026-09-09,NAD,0.2318,2026-10-06,B,WEEKLY,9,9,2026
2026-09-09,GIP,5.0260,2026-10-06,B,WEEKLY,9,9,2026
2026-09-09,AZN,2.1811,2026-10-06,B,WEEKLY,9,9,2026
2026-09-09,MRU,0.0920,2026-10-06,B,WEEKLY,9,9,2026
2026-09-09,MOP,0.4588,2026-10-06,B,WEEKLY,9,9,2026
2026-09-09,PKR,0.0134,2026-10-06,B,WEEKLY,9,9,2026
2026-09-16,GYD,0.0180,2026-10-06,B,WEEKLY,16,9,2026
2026-09-16,SRD,0.0998,2026-10-06,B,WEEKLY,16,9,2026
2026-09-16,LAK,0.0002,2026-10-06,B,WEEKLY,16,9,2026
2026-09-16,TWD,0.1184,2026-10-06,B,WEEKLY,16,9,2026
2026-09-16,TMT,1.0738,2026-10-06,B,WEEKLY,16,9,2026
2026-09-16,UZS,0.0003,2026-10-06,B,WEEKLY,16,9,2026
2026-09-23,NIO,0.1037,2026-10-06,B,WEEKLY,23,9,2026
2026-09-23,MKD,0.0710,2026-10-06,B,WEEKLY,23,9,2026
2026-09-23,GYD,0.0182,2026-10-06,B,WEEKLY,23,9,2026
2026-09-23,VND,0.0001,2026-10-06,B,WEEKLY,23,9,2026
2026-09-23,AWG,2.1325,2026-10-06,B,WEEKLY,23,9,2026
2026-09-23,DJF,0.0214,2026-10-06,B,WEEKLY,23,9,2026
2026-09-23,CDF,0.0017,2026-10-06,B,WEEKLY,23,9,2026
2026-09-23,SDG,0.0064,2026-10-06,B,WEEKLY,23,9,2026
2026-09-23,SYP,0.0313,2026-10-06,B,WEEKLY,23,9,2026
2026-09-23,GHS,0.3306,2026-10-06,B,WEEKLY,23,9,2026
2026-09-23,DOP,0.0642,2026-10-06,B,WEEKLY,23,9,2026
2026-09-23,BDT,0.0310,2026-10-06,B,WEEKLY,23,9,2026
2026-09-30,MKD,0.0709,2026-10-06,B,WEEKLY,30,9,2026
2026-09-30,SRD,0.1023,2026-10-06,B,WEEKLY,30,9,2026
2026-09-30,DJF,0.0216,2026-10-06,B,WEEKLY,30,9,2026
2026-09-30,SDG,0.0064,2026-10-06,B,WEEKLY,30,9,2026
2026-09-30,MZN,0.0600,2026-10-06,B,WEEKLY,30,9,2026
2026-09-30,BWP,0.2742,2026-10-06,B,WEEKLY,30,9,2026
2026-09-30,OMR,9.9973,2026-10-06,B,WEEKLY,30,9,2026
2026-09-30,PEN,1.1181,2026-10-06,B,WEEKLY,30,9,2026
2026-09-09,BND,2.9337,2026-10-06,B,WEEKLY,9,9,2026
2026-09-09,JMD,0.0235,2026-10-06,B,WEEKLY,9,9,2026
2026-09-09,BIF,0.0012,2026-10-06,B,WEEKLY,9,9,2026
2026-09-09,SYP,0.0304,2026-10-06,B,WEEKLY,9,9,2026
2026-09-09,YER,0.0156,2026-10-06,B,WEEKLY,9,9,2026
2026-09-09,BAM,2.2048,2026-10-06,B,WEEKLY,9,9,2026
2026-09-16,RSD,0.0370,2026-10-06,B,WEEKLY,16,9,2026
2026-09-16,BZD,1.8702,2026-10-06,B,WEEKLY,16,9,2026
2026-09-16,GIP,5.0703,2026-10-06,B,WEEKLY,16,9,2026
2026-09-16,XCG,2.0870,2026-10-06,B,WEEKLY,16,9,2026
2026-09-16,AZN,2.2125,2026-10-06,B,WEEKLY,16,9,2026
2026-09-16,TZS,0.0014,2026-10-06,B,WEEKLY,16,9,2026
2026-09-16,MNT,0.0010,2026-10-06,B,WEEKLY,16,9,2026
2026-09-23,JMD,0.0242,2026-10-06,B,WEEKLY,23,9,2026
2026-09-23,XPF,0.0365,2026-10-06,B,WEEKLY,23,9,2026
2026-09-23,KMF,0.0089,2026-10-06,B,WEEKLY,23,9,2026
2026-09-23,LSL,0.2349,2026-10-06,B,WEEKLY,23,9,2026
2026-09-23,TMT,1.0911,2026-10-06,B,WEEKLY,23,9,2026
2026-09-23,ZWG,0.1432,2026-10-06,B,WEEKLY,23,9,2026
2026-09-30,DZD,0.0288,2026-10-06,B,WEEKLY,30,9,2026
2026-09-30,FJD,1.7158,2026-10-06,B,WEEKLY,30,9,2026
2026-09-30,XCD,1.4225,2026-10-06,B,WEEKLY,30,9,2026
2026-09-30,MWK,0.0022,2026-10-06,B,WEEKLY,30,9,2026
2026-09-30,SLE,0.1561,2026-10-06,B,WEEKLY,30,9,2026
2026-09-30,SZL,0.2353,2026-10-06,B,WEEKLY,30,9,2026
2026-09-30,CUP,3.8449,2026-10-06,B,WEEKLY,30,9,2026
2026-09-30,GTQ,0.5038,2026-10-06,B,WEEKLY,30,9,2026
2026-09-09,VES,0.0045,2026-10-06,B,WEEKLY,9,9,2026
2026-09-09,NIO,0.1008,2026-10-06,B,WEEKLY,9,9,2026
2026-09-09,MAD,0.3959,2026-10-06,B,WEEKLY,9,9,2026
2026-09-09,EGP,0.0725,2026-10-06,B,WEEKLY,9,9,2026
2026-09-09,SZL,0.2318,2026-10-06,B,WEEKLY,9,9,2026
2026-09-09,TOP,1.5756,2026-10-06,B,WEEKLY,9,9,2026
2026-09-09,TZS,0.0014,2026-10-06,B,WEEKLY,9,9,2026
2026-09-09,VUV,0.0312,2026-10-06,B,WEEKLY,9,9,2026
2026-09-16,AFN,0.0584,2026-10-06,B,WEEKLY,16,9,2026
2026-09-16,TTD,0.5548,2026-10-06,B,WEEKLY,16,9,2026
2026-09-16,RWF,0.0026,2026-10-06,B,WEEKLY,16,9,2026
2026-09-16,MWK,0.0022,2026-10-06,B,WEEKLY,16,9,2026
2026-09-16,ZMW,0.1921,2026-10-06,B,WEEKLY,16,9,2026
2026-09-16,ALL,0.0473,2026-10-06,B,WEEKLY,16,9,2026
2026-09-16,SLE,0.1526,2026-10-06,B,WEEKLY,16,9,2026
2026-09-16,QAR,1.0319,2026-10-06,B,WEEKLY,16,9,2026
2026-09-16,UGX,0.0010,2026-10-06,B,WEEKLY,16,9,2026
2026-09-23,XAF,0.0067,2026-10-06,B,WEEKLY,23,9,2026
2026-09-23,EGP,0.0742,2026-10-06,B,WEEKLY,23,9,2026
2026-09-23,HNL,0.1422,2026-10-06,B,WEEKLY,23,9,2026
2026-09-23,GTQ,0.5001,2026-10-06,B,WEEKLY,23,9,2026
2026-09-23,KES,0.0295,2026-10-06,B,WEEKLY,23,9,2026
2026-09-30,TTD,0.5674,2026-10-06,B,WEEKLY,30,9,2026
2026-09-30,GIP,5.1040,2026-10-06,B,WEEKLY,30,9,2026
2026-09-30,MRU,0.0963,2026-10-06,B,WEEKLY,30,9,2026
2026-09-30,ARS,0.0025,2026-10-06,B,WEEKLY,30,9,2026
2026-09-30,KHR,0.0009,2026-10-06,B,WEEKLY,30,9,2026
2026-09-30,RUB,0.0458,2026-10-06,B,WEEKLY,30,9,2026
2026-09-30,UZS,0.0003,2026-10-06,B,WEEKLY,30,9,2026
2026-09-30,WST,1.4020,2026-10-06,B,WEEKLY,30,9,2026
2026-09-09,LYD,0.5862,2026-10-06,B,WEEKLY,9,9,2026
2026-09-09,STN,0.1744,2026-10-06,B,WEEKLY,9,9,2026
2026-09-09,XCD,1.3705,2026-10-06,B,WEEKLY,9,9,2026
2026-09-09,SBD,0.4680,2026-10-06,B,WEEKLY,9,9,2026
2026-09-09,XCG,2.0574,2026-10-06,B,WEEKLY,9,9,2026
2026-09-09,PGK,0.8218,2026-10-06,B,WEEKLY,9,9,2026
2026-09-09,SLE,0.1504,2026-10-06,B,WEEKLY,9,9,2026
2026-09-09,TJS,0.4016,2026-10-06,B,WEEKLY,9,9,2026
2026-09-16,MKD,0.0706,2026-10-06,B,WEEKLY,16,9,2026
2026-09-16,DZD,0.0281,2026-10-06,B,WEEKLY,16,9,2026
2026-09-16,XCD,1.3899,2026-10-06,B,WEEKLY,16,9,2026
2026-09-16,AWG,2.1014,2026-10-06,B,WEEKLY,16,9,2026
2026-09-16,XPF,0.0364,2026-10-06,B,WEEKLY,16,9,2026
2026-09-16,GNF,0.0004,2026-10-06,B,WEEKLY,16,9,2026
2026-09-16,KMF,0.0088,2026-10-06,B,WEEKLY,16,9,2026
2026-09-16,GHS,0.3276,2026-10-06,B,WEEKLY,16,9,2026
2026-09-16,BWP,0.2650,2026-10-06,B,WEEKLY,16,9,2026
2026-09-23,KWD,12.4129,2026-10-06,B,WEEKLY,23,9,2026
2026-09-23,LYD,0.5990,2026-10-06,B,WEEKLY,23,9,2026
2026-09-23,GIP,5.0778,2026-10-06,B,WEEKLY,23,9,2026
2026-09-23,ARS,0.0025,2026-10-06,B,WEEKLY,23,9,2026
2026-09-23,COP,0.0012,2026-10-06,B,WEEKLY,23,9,2026
2026-09-30,AFN,0.0590,2026-10-06,B,WEEKLY,30,9,2026
2026-09-30,SVC,0.4397,2026-10-06,B,WEEKLY,30,9,2026
2026-09-30,JOD,5.4288,2026-10-06,B,WEEKLY,30,9,2026
2026-09-30,VND,0.0001,2026-10-06,B,WEEKLY,30,9,2026
2026-09-30,TOP,1.6145,2026-10-06,B,WEEKLY,30,9,2026
2026-09-30,YER,0.0163,2026-10-06,B,WEEKLY,30,9,2026
2026-09-09,GMD,0.0498,2026-10-06,B,WEEKLY,9,9,2026
2026-09-09,JOD,5.2297,2026-10-06,B,WEEKLY,9,9,2026
2026-09-09,GYD,0.0177,2026-10-06,B,WEEKLY,9,9,2026
2026-09-09,CVE,0.0390,2026-10-06,B,WEEKLY,9,9,2026
2026-09-09,XOF,0.0066,2026-10-06,B,WEEKLY,9,9,2026
2026-09-09,XPF,0.0362,2026-10-06,B,WEEKLY,9,9,2026
2026-09-09,HTG,0.0284,2026-10-06,B,WEEKLY,9,9,2026
2026-09-09,MDL,0.2146,2026-10-06,B,WEEKLY,9,9,2026
2026-09-16,LRD,0.0217,2026-10-06,B,WEEKLY,16,9,2026
2026-09-16,NGN,0.0028,2026-10-06,B,WEEKLY,16,9,2026
2026-09-16,YER,0.0159,2026-10-06,B,WEEKLY,16,9,2026
2026-09-16,SCR,0.2751,2026-10-06,B,WEEKLY,16,9,2026
2026-09-16,WST,1.3855,2026-10-06,B,WEEKLY,16,9,2026
2026-09-16,BAM,2.2186,2026-10-06,B,WEEKLY,16,9,2026
2026-09-23,AFN,0.0589,2026-10-06,B,WEEKLY,23,9,2026
2026-09-23,BIF,0.0013,2026-10-06,B,WEEKLY,23,9,2026
2026-09-23,RWF,0.0026,2026-10-06,B,WEEKLY,23,9,2026
2026-09-23,SLE,0.1549,2026-10-06,B,WEEKLY,23,9,2026
2026-09-23,YER,0.0161,2026-10-06,B,WEEKLY,23,9,2026
2026-09-23,BYN,1.2603,2026-10-06,B,WEEKLY,23,9,2026
2026-09-23,MVR,0.2469,2026-10-06,B,WEEKLY,23,9,2026
2026-09-23,KGS,0.0436,2026-10-06,B,WEEKLY,23,9,2026
2026-09-23,KZT,0.0086,2026-10-06,B,WEEKLY,23,9,2026
2026-09-30,TND,1.2930,2026-10-06,B,WEEKLY,30,9,2026
2026-09-30,JMD,0.0243,2026-10-06,B,WEEKLY,30,9,2026
2026-09-30,SBD,0.4823,2026-10-06,B,WEEKLY,30,9,2026
2026-09-30,GNF,0.0004,2026-10-06,B,WEEKLY,30,9,2026
2026-09-30,GHS,0.3291,2026-10-06,B,WEEKLY,30,9,2026
2026-09-30,ZMW,0.1966,2026-10-06,B,WEEKLY,30,9,2026
2026-09-30,NGN,0.0029,2026-10-06,B,WEEKLY,30,9,2026
2026-09-30,SAR,1.0250,2026-10-06,B,WEEKLY,30,9,2026
2026-09-09,SVC,0.4235,2026-10-06,B,WEEKLY,9,9,2026
2026-09-09,LRD,0.0212,2026-10-06,B,WEEKLY,9,9,2026
2026-09-09,PYG,0.0006,2026-10-06,B,WEEKLY,9,9,2026
2026-09-09,SAR,0.9874,2026-10-06,B,WEEKLY,9,9,2026
2026-09-09,MVR,0.2398,2026-10-06,B,WEEKLY,9,9,2026
2026-09-09,MUR,0.0791,2026-10-06,B,WEEKLY,9,9,2026
2026-09-09,NPR,0.0244,2026-10-06,B,WEEKLY,9,9,2026
2026-09-16,BOB,0.3421,2026-10-06,B,WEEKLY,16,9,2026
2026-09-16,BHD,9.9782,2026-10-06,B,WEEKLY,16,9,2026
2026-09-16,IQD,0.0029,2026-10-06,B,WEEKLY,16,9,2026
2026-09-16,STN,0.1755,2026-10-06,B,WEEKLY,16,9,2026
2026-09-16,JMD,0.0238,2026-10-06,B,WEEKLY,16,9,2026
2026-09-16,NAD,0.2315,2026-10-06,B,WEEKLY,16,9,2026
2026-09-16,AMD,0.0104,2026-10-06,B,WEEKLY,16,9,2026
2026-09-16,LSL,0.2315,2026-10-06,B,WEEKLY,16,9,2026
2026-09-16,PKR,0.0136,2026-10-06,B,WEEKLY,16,9,2026
2026-09-23,VES,0.0045,2026-10-06,B,WEEKLY,23,9,2026
2026-09-23,SVC,0.4360,2026-10-06,B,WEEKLY,23,9,2026
2026-09-23,PGK,0.8569,2026-10-06,B,WEEKLY,23,9,2026
2026-09-23,OMR,9.9150,2026-10-06,B,WEEKLY,23,9,2026
2026-09-23,SCR,0.2769,2026-10-06,B,WEEKLY,23,9,2026
2026-09-23,TJS,0.4134,2026-10-06,B,WEEKLY,23,9,2026
2026-09-30,STN,0.1765,2026-10-06,B,WEEKLY,30,9,2026
2026-09-30,BBD,1.9110,2026-10-06,B,WEEKLY,30,9,2026
2026-09-30,GYD,0.0184,2026-10-06,B,WEEKLY,30,9,2026
2026-09-30,LRD,0.0224,2026-10-06,B,WEEKLY,30,9,2026
2026-09-30,GEL,1.4815,2026-10-06,B,WEEKLY,30,9,2026
2026-09-30,QAR,1.0560,2026-10-06,B,WEEKLY,30,9,2026
2026-09-30,LKR,0.0116,2026-10-06,B,WEEKLY,30,9,2026
2026-09-30,TJS,0.4179,2026-10-06,B,WEEKLY,30,9,2026
2026-09-30,KZT,0.0087,2026-10-06,B,WEEKLY,30,9,2026
2026-09-09,RWF,0.0025,2026-10-06,B,WEEKLY,9,9,2026
2026-09-09,AOA,0.0040,2026-10-06,B,WEEKLY,9,9,2026
2026-09-09,UZS,0.0003,2026-10-06,B,WEEKLY,9,9,2026
2026-09-09,KES,0.0286,2026-10-06,B,WEEKLY,9,9,2026
2026-09-09,MNT,0.0010,2026-10-06,B,WEEKLY,9,9,2026
2026-09-16,CRC,0.0084,2026-10-06,B,WEEKLY,16,9,2026
2026-09-16,JOD,5.3047,2026-10-06,B,WEEKLY,16,9,2026
2026-09-16,CVE,0.0393,2026-10-06,B,WEEKLY,16,9,2026
2026-09-16,EGP,0.0721,2026-10-06,B,WEEKLY,16,9,2026
2026-09-16,MZN,0.0589,2026-10-06,B,WEEKLY,16,9,2026
2026-09-16,KES,0.0290,2026-10-06,B,WEEKLY,16,9,2026
2026-09-16,SOS,0.0066,2026-10-06,B,WEEKLY,16,9,2026
2026-09-23,SRD,0.1010,2026-10-06,B,WEEKLY,23,9,2026
2026-09-23,SSP,0.0007,2026-10-06,B,WEEKLY,23,9,2026
2026-09-23,PYG,0.0006,2026-10-06,B,WEEKLY,23,9,2026
2026-09-23,MMK,0.0018,2026-10-06,B,WEEKLY,23,9,2026
2026-09-23,GEL,1.4660,2026-10-06,B,WEEKLY,23,9,2026
2026-09-23,ALL,0.0476,2026-10-06,B,WEEKLY,23,9,2026
2026-09-23,MRU,0.0948,2026-10-06,B,WEEKLY,23,9,2026
2026-09-23,CUP,3.8175,2026-10-06,B,WEEKLY,23,9,2026
2026-09-23,UYU,0.0952,2026-10-06,B,WEEKLY,23,9,2026
2026-09-23,UGX,0.0010,2026-10-06,B,WEEKLY,23,9,2026
2026-09-23,MNT,0.0011,2026-10-06,B,WEEKLY,23,9,2026
2026-09-30,VES,0.0045,2026-10-06,B,WEEKLY,30,9,2026
2026-09-30,GMD,0.0516,2026-10-06,B,WEEKLY,30,9,2026
2026-09-30,AED,1.0480,2026-10-06,B,WEEKLY,30,9,2026
2026-09-30,XAF,0.0067,2026-10-06,B,WEEKLY,30,9,2026
2026-09-30,SSP,0.0007,2026-10-06,B,WEEKLY,30,9,2026
2026-09-30,XCG,2.1356,2026-10-06,B,WEEKLY,30,9,2026
2026-09-30,AOA,0.0042,2026-10-06,B,WEEKLY,30,9,2026
2026-09-30,TWD,0.1208,2026-10-06,B,WEEKLY,30,9,2026
